Workbook

Sheet AH2700A2022-04-07
A1: av_exp = 10, frequency = 1591.5, no. of samples = 10, settling samples = 2 | J1: zero_corrected | K1: from G:\Shared drives\MSL - Electricity - Ongoing\Farad\Cap_Scale_Sept_2021\compare 2019 2020.xlsx cell AA30 | M1: AH11C1 | N1: -4.2 | O1: correction | P1: =N1 - N6 -> -2.4318
A2: DateTime | B2: Capacitor | C2: Capacitance (pF) | D2: uCap (pF) | E2: Conductance (nS) | F2: uCond (nS) | G2: Frequency (Hz) | H2: Voltage (V) | J2: Capacitance (pF) | K2: Conductance (nS) | L2: tand | M2: nominal C | N2: error | O2: corrected ppm
A3: 44658.421 | B3: zero | C3: -4e-08 | D3: 4.2895221e-08 | E3: 2.718e-05 | F3: 7.9598995e-07 | G3: 1591.5 | H3: 15 | I3: AH2 leads (long BNC), 1019.35 mb, 20.9 deg, 54.9 % RH | J3: =C3-C$3 -> 0 | K3: =D3-D$3 -> 0 | L3: - | N3: ppm
A4: 44658.424 | B4: ah11a1 | C4: 9.9999754 | D4: 7.4859869e-08 | E4: -0.00016312 | F4: 1.422533e-06 | G4: 1591.5 | H4: 15 | I4: 11.9, -11.7, .034, -.017, -.012, .020 … forgot chassis temperature! | J4: =C4-C$3 -> 9.9999755 | K4: =E4-E$3 -> -0.0001903 | L4: =K4*0.000000001/(2*PI()*J4*G4*0.000000000001) -> -1.9030638e-06 | M4: 10 | N4: =(J4/M4-1)*1000000 -> -2.4516 | O4: =N4+P$1 -> -4.8834
A5: 44658.426 | B5: ah11b1 | C5: 9.9999779 | D5: 6.9921385e-08 | E5: -0.00010869 | F5: 1.3133545e-06 | G5: 1591.5 | H5: 15 | J5: =C5-C$3 -> 9.9999779 | K5: =E5-E$3 -> -0.00013587 | L5: =K5*0.000000001/(2*PI()*J5*G5*0.000000000001) -> -1.3587452e-06 | M5: 10 | N5: =(J5/M5-1)*1000000 -> -2.2109 | O5: =N5+P$1 -> -4.6427
A6: 44658.427 | B6: ah11c1 | C6: 99.999823 | D6: 1.0198039e-07 | E6: 0.0017119 | F6: 9.4339811e-07 | G6: 1591.5 | H6: 15 | J6: =C6-C$3 -> 99.999823 | K6: =E6-E$3 -> 0.00168472 | L6: =K6*0.000000001/(2*PI()*J6*G6*0.000000000001) -> 1.6847753e-06 | M6: 100 | N6: =(J6/M6-1)*1000000 -> -1.7682 | O6: =N6+P$1 -> -4.2
A7: 44658.428 | B7: ah11d1 | C7: 99.999817 | D7: 9.7979589e-08 | E7: 0.0020919 | F7: 9.4339811e-07 | G7: 1591.5 | H7: 15 | J7: =C7-C$3 -> 99.999817 | K7: =E7-E$3 -> 0.00206472 | L7: =K7*0.000000001/(2*PI()*J7*G7*0.000000000001) -> 2.0647879e-06 | M7: 100 | N7: =(J7/M7-1)*1000000 -> -1.8298 | O7: =N7+P$1 -> -4.2616
A8: 44658.429 | B8: ah11a2 | C8: 9.9999758 | D8: 1.0069757e-07 | E8: -0.00025436 | F8: 1.2634872e-06 | G8: 1591.5 | H8: 15 | I8: 11.8, -11.8, 28.7, -.040, -.056, -.010, .025 | J8: =C8-C$3 -> 9.9999758 | K8: =E8-E$3 -> -0.00028154 | L8: =K8*0.000000001/(2*PI()*J8*G8*0.000000000001) -> -2.8154943e-06 | M8: 10 | N8: =(J8/M8-1)*1000000 -> -2.419 | O8: =N8+P$1 -> -4.8508
A9: 44658.431 | B9: ah11b2 | C9: 9.9999731 | D9: 9.9704564e-08 | E9: -0.00021448 | F9: 6.7941151e-07 | G9: 1591.5 | H9: 15 | J9: =C9-C$3 -> 9.9999731 | K9: =E9-E$3 -> -0.00024166 | L9: =K9*0.000000001/(2*PI()*J9*G9*0.000000000001) -> -2.4166816e-06 | M9: 10 | N9: =(J9/M9-1)*1000000 -> -2.6883 | O9: =N9+P$1 -> -5.1201
A10: 44658.433 | B10: ah11c2 | C10: 99.999782 | D10: 9.7979589e-08 | E10: 0.0008197 | F10: 1.3453624e-06 | G10: 1591.5 | H10: 15 | J10: =C10-C$3 -> 99.999782 | K10: =E10-E$3 -> 0.00079252 | L10: =K10*0.000000001/(2*PI()*J10*G10*0.000000000001) -> 7.9254635e-07 | M10: 100 | N10: =(J10/M10-1)*1000000 -> -2.1834 | O10: =N10+P$1 -> -4.6152
A11: 44658.434 | B11: ah11d2 | C11: 99.999866 | D11: 1.2489996e-07 | E11: 0.0009109 | F11: 1.0440307e-06 | G11: 1591.5 | H11: 15 | J11: =C11-C$3 -> 99.999866 | K11: =E11-E$3 -> 0.00088372 | L11: =K11*0.000000001/(2*PI()*J11*G11*0.000000000001) -> 8.8374863e-07 | M11: 100 | N11: =(J11/M11-1)*1000000 -> -1.3414 | O11: =N11+P$1 -> -3.7732
A12: 44658.435 | B12: gr10 | C12: 10.000274 | D12: 2.0880613e-07 | E12: 0.00097426 | F12: 3.5556153e-06 | G12: 1591.5 | H12: 15 | I12: GR inner displays as 25.46 | J12: =C12-C$3 -> 10.000274 | K12: =E12-E$3 -> 0.00094708 | L12: =K12*0.000000001/(2*PI()*J12*G12*0.000000000001) -> 9.4708343e-06 | M12: 10 | N12: =(J12/M12-1)*1000000 -> 27.436 | O12: =N12+P$1 -> 25.0042
A13: 44658.438 | B13: gr100 | C13: 100.0044 | D13: 0 | E13: 0.0089352 | F13: 3.9291857e-05 | G13: 1591.5 | H13: 15 | J13: =C13-C$3 -> 100.0044 | K13: =E13-E$3 -> 0.00890802 | L13: =K13*0.000000001/(2*PI()*J13*G13*0.000000000001) -> 8.9079048e-06 | M13: 100 | N13: =(J13/M13-1)*1000000 -> 43.9904 | O13: =N13+P$1 -> 41.5586
A14: 44658.44 | B14: gr1000a | C14: 1000.0344 | D14: 4.5825757e-06 | E14: 0.200902 | F14: 0.00017514565 | G14: 1591.5 | H14: 1.5 | J14: =C14-C$3 -> 1000.0344 | K14: =E14-E$3 -> 0.20087482 | L14: =K14*0.000000001/(2*PI()*J14*G14*0.000000000001) -> 2.0087415e-05 | M14: 1000 | N14: =(J14/M14-1)*1000000 -> 34.37304 | O14: =N14+P$1 -> 31.94124
A15: 44658.453 | B15: gr1000b | C15: 1000.0186 | D15: 4.5825757e-06 | E15: 0.205152 | F15: 0.00032865788 | G15: 1591.5 | H15: 1.5 | J15: =C15-C$3 -> 1000.0186 | K15: =E15-E$3 -> 0.20512482 | L15: =K15*0.000000001/(2*PI()*J15*G15*0.000000000001) -> 2.0512738e-05 | M15: 1000 | N15: =(J15/M15-1)*1000000 -> 18.57304 | O15: =N15+P$1 -> 16.14124
A16: 44658.455 | B16: es13 | C16: 4.9999472 | D16: 5.9841457e-08 | E16: 0.00025458 | F16: 1.6606023e-06 | G16: 1591.5 | H16: 15 | I16: GMH 526 reads 22.89, (logging shows 24.00??_not likely) | J16: =C16-C$3 -> 4.9999472 | K16: =E16-E$3 -> 0.0002274 | L16: =K16*0.000000001/(2*PI()*J16*G16*0.000000000001) -> 4.5481892e-06 | M16: 5 | N16: =(J16/M16-1)*1000000 -> -10.5514 | O16: =N16+P$1 -> -12.9832
A17: 44658.458 | B17: es16 | C17: 5.0000961 | D17: 7.4458042e-08 | E17: 0.00020051 | F17: 8.1908486e-07 | G17: 1591.5 | H17: 15 | I17: GMH reads 22.89 | J17: =C17-C$3 -> 5.0000961 | K17: =E17-E$3 -> 0.00017333 | L17: =K17*0.000000001/(2*PI()*J17*G17*0.000000000001) -> 3.466641e-06 | M17: 5 | N17: =(J17/M17-1)*1000000 -> 19.2292 | O17: =N17+P$1 -> 16.7974
A18: 44658.46 | B18: es14 | C18: 0.50005064 | D18: 9.5084173e-08 | E18: 7.655e-05 | F18: 5.85235e-07 | G18: 1591.5 | H18: 15 | I18: GMh526 reads 22.89 | J18: =C18-C$3 -> 0.50005068 | K18: =E18-E$3 -> 4.937e-05 | L18: =K18*0.000000001/(2*PI()*J18*G18*0.000000000001) -> 9.873306e-06 | M18: 0.5 | N18: =(J18/M18-1)*1000000 -> 101.354 | O18: =N18+P$1 -> 98.9222
A19: 44658.465 | B19: ub1000 | C19: 1000.1665 | D19: 4.8989795e-06 | E19: 0.213109 | F19: 0.00087788895 | G19: 1591.5 | H19: 1.5 | I19: Black labelled leads for GR connectors, GMH reads 21.29 and falling, 1019.94 mb, RH 55.2, GMH now 21.09 | J19: =C19-C$3 -> 1000.1665 | K19: =E19-E$3 -> 0.21308182 | L19: =K19*0.000000001/(2*PI()*J19*G19*0.000000000001) -> 2.1305297e-05 | M19: 1000 | N19: =(J19/M19-1)*1000000 -> 166.47604 | O19: =N19+P$1 -> 164.04424
A20: 44658.539 | B20: PC1 | C20: 10.000389 | D20: 1.0954451e-07 | E20: 0.00048367 | F20: 1.6309813e-06 | G20: 1591.5 | H20: 15 | I20: Lead B to HV, Lead A to detector, A side shorted, GHM reads 23.33, logging reads 24, note the Sball is 23.0 on logging! | J20: =C20-C$3 -> 10.000389 | K20: =E20-E$3 -> 0.00045649 | L20: =K20*0.000000001/(2*PI()*J20*G20*0.000000000001) -> 4.5648642e-06 | M20: 10 | N20: =(J20/M20-1)*1000000 -> 38.894 | O20: =N20+P$1 -> 36.4622
A21: 44658.542 | B21: PC2 | C21: 10.000152 | D21: 1.3747727e-07 | E21: 0.00048675 | F21: 5.8411043e-06 | G21: 1591.5 | H21: 15 | J21: =C21-C$3 -> 10.000152 | K21: =E21-E$3 -> 0.00045957 | L21: =K21*0.000000001/(2*PI()*J21*G21*0.000000000001) -> 4.5957731e-06 | M21: 10 | N21: =(J21/M21-1)*1000000 -> 15.163 | O21: =N21+P$1 -> 12.7312
A22: 44658.543 | B22: PC3 | C22: 10.000126 | D22: 1.0198039e-07 | E22: 0.00046229 | F22: 2.5339495e-06 | G22: 1591.5 | H22: 15 | J22: =C22-C$3 -> 10.000126 | K22: =E22-E$3 -> 0.00043511 | L22: =K22*0.000000001/(2*PI()*J22*G22*0.000000000001) -> 4.3511804e-06 | M22: 10 | N22: =(J22/M22-1)*1000000 -> 12.58 | O22: =N22+P$1 -> 10.1482
A23: 44658.544 | B23: PC4 | C23: 10.000231 | D23: 1.6763055e-07 | E23: 0.00049855 | F23: 2.1731314e-06 | G23: 1591.5 | H23: 15 | J23: =C23-C$3 -> 10.000231 | K23: =E23-E$3 -> 0.00047137 | L23: =K23*0.000000001/(2*PI()*J23*G23*0.000000000001) -> 4.7137375e-06 | M23: 10 | N23: =(J23/M23-1)*1000000 -> 23.101 | O23: =N23+P$1 -> 20.6692
A24: 44658.544 | B24: PC5 | C24: 9.9999945 | D24: 1.4379152e-07 | E24: 0.00046881 | F24: 1.6501212e-06 | G24: 1591.5 | H24: 15 | J24: =C24-C$3 -> 9.9999945 | K24: =E24-E$3 -> 0.00044163 | L24: =K24*0.000000001/(2*PI()*J24*G24*0.000000000001) -> 4.4164396e-06 | M24: 10 | N24: =(J24/M24-1)*1000000 -> -0.5478 | O24: =N24+P$1 -> -2.9796
A25: 44658.545 | B25: PC6 | C25: 10.000239 | D25: 8.3066239e-08 | E25: 0.00050214 | F25: 2.7317394e-06 | G25: 1591.5 | H25: 15 | J25: =C25-C$3 -> 10.000239 | K25: =E25-E$3 -> 0.00047496 | L25: =K25*0.000000001/(2*PI()*J25*G25*0.000000000001) -> 4.7496341e-06 | M25: 10 | N25: =(J25/M25-1)*1000000 -> 23.885 | O25: =N25+P$1 -> 21.4532
A26: 44658.548 | B26: PC7 | C26: 10.000323 | D26: 9.4339811e-08 | E26: 0.00049333 | F26: 3.4008969e-06 | G26: 1591.5 | H26: 15 | I26: GMH526 reads 23.33 | J26: =C26-C$3 -> 10.000323 | K26: =E26-E$3 -> 0.00046615 | L26: =K26*0.000000001/(2*PI()*J26*G26*0.000000000001) -> 4.6614944e-06 | M26: 10 | N26: =(J26/M26-1)*1000000 -> 32.255 | O26: =N26+P$1 -> 29.8232
A27: 44658.549 | B27: PC8 | C27: 10.000252 | D27: 1.0049876e-07 | E27: 0.00048324 | F27: 1.9147846e-06 | G27: 1591.5 | H27: 15 | J27: =C27-C$3 -> 10.000252 | K27: =E27-E$3 -> 0.00045606 | L27: =K27*0.000000001/(2*PI()*J27*G27*0.000000000001) -> 4.5606266e-06 | M27: 10 | N27: =(J27/M27-1)*1000000 -> 25.217 | O27: =N27+P$1 -> 22.7852
A28: 44658.55 | B28: PC9 | C28: 10.000381 | D28: 1.5620499e-07 | E28: 0.00049233 | F28: 1.7550214e-06 | G28: 1591.5 | H28: 15 | J28: =C28-C$3 -> 10.000381 | K28: =E28-E$3 -> 0.00046515 | L28: =K28*0.000000001/(2*PI()*J28*G28*0.000000000001) -> 4.6514673e-06 | M28: 10 | N28: =(J28/M28-1)*1000000 -> 38.08 | O28: =N28+P$1 -> 35.6482
A29: 44658.551 | B29: PC10 | C29: 10.000413 | D29: 1.7349352e-07 | E29: 0.00048229 | F29: 1.4081548e-06 | G29: 1591.5 | H29: 15 | J29: =C29-C$3 -> 10.000413 | K29: =E29-E$3 -> 0.00045511 | L29: =K29*0.000000001/(2*PI()*J29*G29*0.000000000001) -> 4.5510534e-06 | M29: 10 | N29: =(J29/M29-1)*1000000 -> 41.297 | O29: =N29+P$1 -> 38.8652
A30: 44658.552 | B30: PC11 | C30: 10.000236 | D30: 1.5362292e-07 | E30: 0.00047382 | F30: 1.721511e-06 | G30: 1591.5 | H30: 15 | I30: GMH 23.33, 1020.73 mb, 55.0% RH | J30: =C30-C$3 -> 10.000236 | K30: =E30-E$3 -> 0.00044664 | L30: =K30*0.000000001/(2*PI()*J30*G30*0.000000000001) -> 4.4664333e-06 | M30: 10 | N30: =(J30/M30-1)*1000000 -> 23.612 | O30: =N30+P$1 -> 21.1802

Sheet AH2700A2022-04-11
A1: av_exp = 10, frequency = 1591.5, no. of samples = 10, settling samples = 2 | J1: zero_corrected | K1: from G:\Shared drives\MSL - Electricity - Ongoing\Farad\Cap_Scale_Sept_2021\compare 2019 2020.xlsx cell AA30 | M1: AH11C1 | N1: -4.2 | O1: correction | P1: =N1 - N6 -> -2.42937
A2: DateTime | B2: Capacitor | C2: Capacitance (pF) | D2: uCap (pF) | E2: Conductance (nS) | F2: uCond (nS) | G2: Frequency (Hz) | H2: Voltage (V) | J2: Capacitance (pF) | K2: Conductance (nS) | L2: tand | M2: nominal C | N2: error | O2: corrected ppm
A3: 44662.409 | B3: zero | C3: -8.7e-08 | D3: 8.6029065e-08 | E3: 2.672e-05 | F3: 9.2065194e-07 | G3: 1591.5 | H3: 15 | I3: AH2 long leads, 1021.35 mb, 20.6 deg, 56.2 % RH | J3: =C3-C$3 -> 0 | K3: =D3-D$3 -> 0 | L3: - | N3: ppm
A4: 44662.411 | B4: ah11a1 | C4: 9.9999756 | D4: 6.8731361e-08 | E4: -0.00015854 | F4: 1.2792185e-06 | G4: 1591.5 | H4: 15 | I4: 11.9, -11.7, 29.0, .034, -.017, -.012 | J4: =C4-C$3 -> 9.9999757 | K4: =E4-E$3 -> -0.00018526 | L4: =K4*0.000000001/(2*PI()*J4*G4*0.000000000001) -> -1.852662e-06 | M4: 10 | N4: =(J4/M4-1)*1000000 -> -2.4267 | O4: =N4+P$1 -> -4.85607
A5: 44662.413 | B5: ah11b1 | C5: 9.9999781 | D5: 1.1304866e-07 | E5: -9.842e-05 | F5: 9.2822411e-07 | G5: 1591.5 | H5: 15 | I5: and the last one is 0.021 | J5: =C5-C$3 -> 9.9999782 | K5: =E5-E$3 -> -0.00012514 | L5: =K5*0.000000001/(2*PI()*J5*G5*0.000000000001) -> -1.2514416e-06 | M5: 10 | N5: =(J5/M5-1)*1000000 -> -2.1803 | O5: =N5+P$1 -> -4.60967
A6: 44662.414 | B6: ah11c1 | C6: 99.999823 | D6: 1.5e-07 | E6: 0.0017088 | F6: 2.5612497e-06 | G6: 1591.5 | H6: 15 | J6: =C6-C$3 -> 99.999823 | K6: =E6-E$3 -> 0.00168208 | L6: =K6*0.000000001/(2*PI()*J6*G6*0.000000000001) -> 1.6821352e-06 | M6: 100 | N6: =(J6/M6-1)*1000000 -> -1.77063 | O6: =N6+P$1 -> -4.2
A7: 44662.415 | B7: ah11d1 | C7: 99.999817 | D7: 7.8102497e-08 | E7: 0.0020879 | F7: 1.4456832e-06 | G7: 1591.5 | H7: 15 | J7: =C7-C$3 -> 99.999817 | K7: =E7-E$3 -> 0.00206118 | L7: =K7*0.000000001/(2*PI()*J7*G7*0.000000000001) -> 2.0612478e-06 | M7: 100 | N7: =(J7/M7-1)*1000000 -> -1.83083 | O7: =N7+P$1 -> -4.2602
A8: 44662.438 | B8: ah11a2 | C8: 9.9999755 | D8: 1.3131641e-07 | E8: -0.00025619 | F8: 8.3360662e-07 | G8: 1591.5 | H8: 15 | I8: 11.8, -11.9, -.040, -.056, -.011, .024 | J8: =C8-C$3 -> 9.9999756 | K8: =E8-E$3 -> -0.00028291 | L8: =K8*0.000000001/(2*PI()*J8*G8*0.000000000001) -> -2.8291948e-06 | M8: 10 | N8: =(J8/M8-1)*1000000 -> -2.4427 | O8: =N8+P$1 -> -4.87207
A9: 44662.44 | B9: ah11b2 | C9: 9.999973 | D9: 6.3725976e-08 | E9: -0.0002234 | F9: 9.5498691e-07 | G9: 1591.5 | H9: 15 | J9: =C9-C$3 -> 9.9999731 | K9: =E9-E$3 -> -0.00025012 | L9: =K9*0.000000001/(2*PI()*J9*G9*0.000000000001) -> -2.5012844e-06 | M9: 10 | N9: =(J9/M9-1)*1000000 -> -2.69 | O9: =N9+P$1 -> -5.11937
A10: 44662.441 | B10: ah11c2 | C10: 99.99978 | D10: 1.5132746e-07 | E10: 0.0007991 | F10: 1.8681542e-06 | G10: 1591.5 | H10: 15 | J10: =C10-C$3 -> 99.99978 | K10: =E10-E$3 -> 0.00077238 | L10: =K10*0.000000001/(2*PI()*J10*G10*0.000000000001) -> 7.7240569e-07 | M10: 100 | N10: =(J10/M10-1)*1000000 -> -2.19803 | O10: =N10+P$1 -> -4.6274
A11: 44662.443 | B11: ah11d2 | C11: 99.999862 | D11: 7.4833148e-08 | E11: 0.0008918 | F11: 1.9899749e-06 | G11: 1591.5 | H11: 15 | J11: =C11-C$3 -> 99.999862 | K11: =E11-E$3 -> 0.00086508 | L11: =K11*0.000000001/(2*PI()*J11*G11*0.000000000001) -> 8.6510807e-07 | M11: 100 | N11: =(J11/M11-1)*1000000 -> -1.38333 | O11: =N11+P$1 -> -3.8127
A12: 44662.444 | B12: gr10 | C12: 10.000274 | D12: 1.6401219e-07 | E12: 0.00097077 | F12: 3.74968e-06 | G12: 1591.5 | H12: 15 | I12: GR inner 25.458, 1021.16 mb | J12: =C12-C$3 -> 10.000274 | K12: =E12-E$3 -> 0.00094405 | L12: =K12*0.000000001/(2*PI()*J12*G12*0.000000000001) -> 9.4405348e-06 | M12: 10 | N12: =(J12/M12-1)*1000000 -> 27.3777 | O12: =N12+P$1 -> 24.94833
A13: 44662.446 | B13: gr100 | C13: 100.00439 | D13: 3e-07 | E13: 0.0086802 | F13: 4.2571822e-05 | G13: 1591.5 | H13: 15 | J13: =C13-C$3 -> 100.00439 | K13: =E13-E$3 -> 0.00865348 | L13: =K13*0.000000001/(2*PI()*J13*G13*0.000000000001) -> 8.6533685e-06 | M13: 100 | N13: =(J13/M13-1)*1000000 -> 43.94987 | O13: =N13+P$1 -> 41.5205
A14: 44662.448 | B14: gr1000a | C14: 1000.0343 | D14: 3e-06 | E14: 0.195471 | F14: 0.00017328878 | G14: 1591.5 | H14: 1.5 | J14: =C14-C$3 -> 1000.0343 | K14: =E14-E$3 -> 0.19544428 | L14: =K14*0.000000001/(2*PI()*J14*G14*0.000000000001) -> 1.9544364e-05 | M14: 1000 | N14: =(J14/M14-1)*1000000 -> 34.319087 | O14: =N14+P$1 -> 31.889717
A15: 44662.449 | B15: gr1000b | C15: 1000.0185 | D15: 4.8989795e-06 | E15: 0.200965 | F15: 0.00012060265 | G15: 1591.5 | H15: 1.5 | J15: =C15-C$3 -> 1000.0185 | K15: =E15-E$3 -> 0.20093828 | L15: =K15*0.000000001/(2*PI()*J15*G15*0.000000000001) -> 2.009408e-05 | M15: 1000 | N15: =(J15/M15-1)*1000000 -> 18.534087 | O15: =N15+P$1 -> 16.104717
A16: 44662.451 | B16: es13 | C16: 4.9999474 | D16: 6.9289249e-08 | E16: 0.00025267 | F16: 1.445026e-06 | G16: 1591.5 | H16: 15 | I16: GMH526 22.88, logging 23.295 | J16: =C16-C$3 -> 4.9999475 | K16: =E16-E$3 -> 0.00022595 | L16: =K16*0.000000001/(2*PI()*J16*G16*0.000000000001) -> 4.5191878e-06 | M16: 5 | N16: =(J16/M16-1)*1000000 -> -10.494 | O16: =N16+P$1 -> -12.92337
A17: 44662.453 | B17: es16 | C17: 5.0000966 | D17: 1.161034e-07 | E17: 0.00022521 | F17: 5.1657429e-06 | G17: 1591.5 | H17: 15 | I17: GMH 22.88 | J17: =C17-C$3 -> 5.0000967 | K17: =E17-E$3 -> 0.00019849 | L17: =K17*0.000000001/(2*PI()*J17*G17*0.000000000001) -> 3.9698465e-06 | M17: 5 | N17: =(J17/M17-1)*1000000 -> 19.3394 | O17: =N17+P$1 -> 16.91003
A18: 44662.455 | B18: es14 | C18: 0.5000506 | D18: 6.4226163e-08 | E18: 7.374e-05 | F18: 1.5067847e-06 | G18: 1591.5 | H18: 15 | I18: GMH 22.87 | J18: =C18-C$3 -> 0.50005068 | K18: =E18-E$3 -> 4.702e-05 | L18: =K18*0.000000001/(2*PI()*J18*G18*0.000000000001) -> 9.4033389e-06 | M18: 0.5 | N18: =(J18/M18-1)*1000000 -> 101.364 | O18: =N18+P$1 -> 98.93463
A19: 44662.462 | B19: ub1000 | C19: 1000.1675 | D19: 6.4031242e-06 | E19: 0.256899 | F19: 0.00044347379 | G19: 1591.5 | H19: 1.5 | I19: GMH526 20.72, 1021.26 mb, 56.9% | J19: =C19-C$3 -> 1000.1675 | K19: =E19-E$3 -> 0.25687228 | L19: =K19*0.000000001/(2*PI()*J19*G19*0.000000000001) -> 2.5683724e-05 | M19: 1000 | N19: =(J19/M19-1)*1000000 -> 167.49309 | O19: =N19+P$1 -> 165.06372
A20: 44662.466 | B20: PC1 | C20: 10.00039 | D20: 1.3747727e-07 | E20: 0.00048357 | F20: 2.3732046e-06 | G20: 1591.5 | H20: 15 | I20: GMH 23.34, logging 23.995 | J20: =C20-C$3 -> 10.00039 | K20: =E20-E$3 -> 0.00045685 | L20: =K20*0.000000001/(2*PI()*J20*G20*0.000000000001) -> 4.5684636e-06 | M20: 10 | N20: =(J20/M20-1)*1000000 -> 39.0177 | O20: =N20+P$1 -> 36.58833
A21: 44662.468 | B21: PC2 | C21: 10.000153 | D21: 1.2041595e-07 | E21: 0.00048112 | F21: 2.3314373e-06 | G21: 1591.5 | H21: 15 | J21: =C21-C$3 -> 10.000153 | K21: =E21-E$3 -> 0.0004544 | L21: =K21*0.000000001/(2*PI()*J21*G21*0.000000000001) -> 4.5440717e-06 | M21: 10 | N21: =(J21/M21-1)*1000000 -> 15.2837 | O21: =N21+P$1 -> 12.85433
A22: 44662.469 | B22: PC3 | C22: 10.000127 | D22: 1.2688578e-07 | E22: 0.00046995 | F22: 3.3856314e-06 | G22: 1591.5 | H22: 15 | J22: =C22-C$3 -> 10.000127 | K22: =E22-E$3 -> 0.00044323 | L22: =K22*0.000000001/(2*PI()*J22*G22*0.000000000001) -> 4.4323813e-06 | M22: 10 | N22: =(J22/M22-1)*1000000 -> 12.7217 | O22: =N22+P$1 -> 10.29233
A23: 44662.47 | B23: PC4 | C23: 10.000232 | D23: 1.4696938e-07 | E23: 0.00050553 | F23: 3.0551759e-06 | G23: 1591.5 | H23: 15 | J23: =C23-C$3 -> 10.000232 | K23: =E23-E$3 -> 0.00047881 | L23: =K23*0.000000001/(2*PI()*J23*G23*0.000000000001) -> 4.7881374e-06 | M23: 10 | N23: =(J23/M23-1)*1000000 -> 23.2467 | O23: =N23+P$1 -> 20.81733
A24: 44662.472 | B24: PC5 | C24: 9.9999957 | D24: 1.2562245e-07 | E24: 0.00047259 | F24: 3.0703257e-06 | G24: 1591.5 | H24: 15 | J24: =C24-C$3 -> 9.9999958 | K24: =E24-E$3 -> 0.00044587 | L24: =K24*0.000000001/(2*PI()*J24*G24*0.000000000001) -> 4.4588404e-06 | M24: 10 | N24: =(J24/M24-1)*1000000 -> -0.421 | O24: =N24+P$1 -> -2.85037
A25: 44662.472 | B25: PC6 | C25: 10.00024 | D25: 1.4142136e-07 | E25: 0.00050421 | F25: 2.3851415e-06 | G25: 1591.5 | H25: 15 | J25: =C25-C$3 -> 10.00024 | K25: =E25-E$3 -> 0.00047749 | L25: =K25*0.000000001/(2*PI()*J25*G25*0.000000000001) -> 4.7749336e-06 | M25: 10 | N25: =(J25/M25-1)*1000000 -> 24.0287 | O25: =N25+P$1 -> 21.59933
A26: 44662.473 | B26: PC7 | C26: 10.000324 | D26: 1.7776389e-07 | E26: 0.000502 | F26: 2.99366e-06 | G26: 1591.5 | H26: 15 | J26: =C26-C$3 -> 10.000324 | K26: =E26-E$3 -> 0.00047528 | L26: =K26*0.000000001/(2*PI()*J26*G26*0.000000000001) -> 4.7527936e-06 | M26: 10 | N26: =(J26/M26-1)*1000000 -> 32.4007 | O26: =N26+P$1 -> 29.97133
A27: 44662.474 | B27: PC8 | C27: 10.000254 | D27: 8.9442719e-08 | E27: 0.00049493 | F27: 2.0169531e-06 | G27: 1591.5 | H27: 15 | I27: GMH 23.34 | J27: =C27-C$3 -> 10.000254 | K27: =E27-E$3 -> 0.00046821 | L27: =K27*0.000000001/(2*PI()*J27*G27*0.000000000001) -> 4.6821266e-06 | M27: 10 | N27: =(J27/M27-1)*1000000 -> 25.3787 | O27: =N27+P$1 -> 22.94933
A28: 44662.475 | B28: PC9 | C28: 10.000382 | D28: 1e-07 | E28: 0.00050181 | F28: 3.0319796e-06 | G28: 1591.5 | H28: 15 | J28: =C28-C$3 -> 10.000382 | K28: =E28-E$3 -> 0.00047509 | L28: =K28*0.000000001/(2*PI()*J28*G28*0.000000000001) -> 4.7508659e-06 | M28: 10 | N28: =(J28/M28-1)*1000000 -> 38.2287 | O28: =N28+P$1 -> 35.79933
A29: 44662.476 | B29: PC10 | C29: 10.000415 | D29: 1.2489996e-07 | E29: 0.0004911 | F29: 2.466982e-06 | G29: 1591.5 | H29: 15 | J29: =C29-C$3 -> 10.000415 | K29: =E29-E$3 -> 0.00046438 | L29: =K29*0.000000001/(2*PI()*J29*G29*0.000000000001) -> 4.6437517e-06 | M29: 10 | N29: =(J29/M29-1)*1000000 -> 41.4667 | O29: =N29+P$1 -> 39.03733
A30: 44662.477 | B30: PC11 | C30: 10.000238 | D30: 1.5132746e-07 | E30: 0.00048478 | F30: 2.4334338e-06 | G30: 1591.5 | H30: 15 | J30: =C30-C$3 -> 10.000238 | K30: =E30-E$3 -> 0.00045806 | L30: =K30*0.000000001/(2*PI()*J30*G30*0.000000000001) -> 4.5806334e-06 | M30: 10 | N30: =(J30/M30-1)*1000000 -> 23.7597 | O30: =N30+P$1 -> 21.33033

Sheet AH2700A2022-05-30
A1: av_exp = 10, frequency = 1591.5, no. of samples = 10, settling samples = 2 | J1: zero_corrected | K1: from G:\Shared drives\MSL - Electricity - Ongoing\Farad\Cap_Scale_Sept_2021\compare 2019 2020.xlsx cell AA30 | M1: AH11C1 | N1: -4.2 | O1: correction | P1: =N1 - N6 -> -2.42688
A2: DateTime | B2: Capacitor | C2: Capacitance (pF) | D2: uCap (pF) | E2: Conductance (nS) | F2: uCond (nS) | G2: Frequency (Hz) | H2: Voltage (V) | J2: Capacitance (pF) | K2: Conductance (nS) | L2: tand | M2: nominal C | N2: error | O2: corrected ppm
A3: 44711.548 | B3: zero | C3: -1.38e-07 | D3: 6.3055531e-08 | E3: 2.819e-05 | F3: 4.7423623e-07 | G3: 1591.5 | H3: 15 | I3: FCU08 20.66, 49.62 %. AH11_1: 11.9, -11.7, 31.2, .033, -.016, -.010, .016 | J3: =C3-C$3 -> 0 | K3: =D3-D$3 -> 0 | L3: - | N3: ppm
A4: 44711.551 | B4: ah11a1 | C4: 9.9999762 | D4: 9.0553851e-08 | E4: -8.565e-05 | F4: 9.0138782e-07 | G4: 1591.5 | H4: 15 | I4: pressure 1006.48 mb | J4: =C4-C$3 -> 9.9999763 | K4: =E4-E$3 -> -0.00011384 | L4: =K4*0.000000001/(2*PI()*J4*G4*0.000000000001) -> -1.1384381e-06 | M4: 10 | N4: =(J4/M4-1)*1000000 -> -2.3672 | O4: =N4+P$1 -> -4.79408
A5: 44711.552 | B5: ah11b1 | C5: 9.9999781 | D5: 7.0859015e-08 | E5: 2.34e-06 | F5: 1.037497e-06 | G5: 1591.5 | H5: 15 | J5: =C5-C$3 -> 9.9999782 | K5: =E5-E$3 -> -2.585e-05 | L5: =K5*0.000000001/(2*PI()*J5*G5*0.000000000001) -> -2.5850859e-07 | M5: 10 | N5: =(J5/M5-1)*1000000 -> -2.1795 | O5: =N5+P$1 -> -4.60638
A6: 44711.553 | B6: ah11c1 | C6: 99.999823 | D6: 8.0622579e-08 | E6: 0.0017922 | F6: 9.797959e-07 | G6: 1591.5 | H6: 15 | J6: =C6-C$3 -> 99.999823 | K6: =E6-E$3 -> 0.00176401 | L6: =K6*0.000000001/(2*PI()*J6*G6*0.000000000001) -> 1.7640679e-06 | M6: 100 | N6: =(J6/M6-1)*1000000 -> -1.77312 | O6: =N6+P$1 -> -4.2
A7: 44711.554 | B7: ah11d1 | C7: 99.999817 | D7: 8.3066239e-08 | E7: 0.0021574 | F7: 1.0198039e-06 | G7: 1591.5 | H7: 15 | I7: AH112: 11.8, -11.9, 30.2, -.033, -.046, -.003, .022 | J7: =C7-C$3 -> 99.999817 | K7: =E7-E$3 -> 0.00212921 | L7: =K7*0.000000001/(2*PI()*J7*G7*0.000000000001) -> 2.12928e-06 | M7: 100 | N7: =(J7/M7-1)*1000000 -> -1.82672 | O7: =N7+P$1 -> -4.2536
A8: 44711.556 | B8: ah11a2 | C8: 9.9999758 | D8: 1.0705606e-07 | E8: -0.00021189 | F8: 5.0289164e-07 | G8: 1591.5 | H8: 15 | J8: =C8-C$3 -> 9.9999759 | K8: =E8-E$3 -> -0.00024008 | L8: =K8*0.000000001/(2*PI()*J8*G8*0.000000000001) -> -2.4008803e-06 | M8: 10 | N8: =(J8/M8-1)*1000000 -> -2.4065 | O8: =N8+P$1 -> -4.83338
A9: 44711.557 | B9: ah11b2 | C9: 9.9999733 | D9: 8.7091905e-08 | E9: -0.00017939 | F9: 9.0493094e-07 | G9: 1591.5 | H9: 15 | J9: =C9-C$3 -> 9.9999735 | K9: =E9-E$3 -> -0.00020758 | L9: =K9*0.000000001/(2*PI()*J9*G9*0.000000000001) -> -2.07587e-06 | M9: 10 | N9: =(J9/M9-1)*1000000 -> -2.6547 | O9: =N9+P$1 -> -5.08158
A10: 44711.558 | B10: ah11c2 | C10: 99.999782 | D10: 1.2806248e-07 | E10: 0.0008549 | F10: 1.0440307e-06 | G10: 1591.5 | H10: 15 | J10: =C10-C$3 -> 99.999782 | K10: =E10-E$3 -> 0.00082671 | L10: =K10*0.000000001/(2*PI()*J10*G10*0.000000000001) -> 8.2673748e-07 | M10: 100 | N10: =(J10/M10-1)*1000000 -> -2.18102 | O10: =N10+P$1 -> -4.6079
A11: 44711.559 | B11: ah11d2 | C11: 99.999856 | D11: 9.2195445e-08 | E11: 0.0009438 | F11: 1.1661904e-06 | G11: 1591.5 | H11: 15 | J11: =C11-C$3 -> 99.999857 | K11: =E11-E$3 -> 0.00091561 | L11: =K11*0.000000001/(2*PI()*J11*G11*0.000000000001) -> 9.1563975e-07 | M11: 100 | N11: =(J11/M11-1)*1000000 -> -1.43412 | O11: =N11+P$1 -> -3.861
A12: 44711.561 | B12: gr10 | C12: 10.00007 | D12: 9.2195444e-08 | E12: 0.00084671 | F12: 6.9921384e-07 | G12: 1591.5 | H12: 15 | I12: GR inner 21.122, pressure 1005.93 mb | J12: =C12-C$3 -> 10.00007 | K12: =E12-E$3 -> 0.00081852 | L12: =K12*0.000000001/(2*PI()*J12*G12*0.000000000001) -> 8.1853969e-06 | M12: 10 | N12: =(J12/M12-1)*1000000 -> 6.9988 | O12: =N12+P$1 -> 4.57192
A13: 44711.564 | B13: gr100 | C13: 100.00343 | D13: 0 | E13: 0.0067564 | F13: 1.68523e-06 | G13: 1591.5 | H13: 15 | J13: =C13-C$3 -> 100.00343 | K13: =E13-E$3 -> 0.00672821 | L13: =K13*0.000000001/(2*PI()*J13*G13*0.000000000001) -> 6.7281883e-06 | M13: 100 | N13: =(J13/M13-1)*1000000 -> 34.29138 | O13: =N13+P$1 -> 31.8645
A14: 44711.565 | B14: gr1000a | C14: 1000.0282 | D14: 5e-06 | E14: 0.148574 | F14: 2.8e-05 | G14: 1591.5 | H14: 1.5 | J14: =C14-C$3 -> 1000.0282 | K14: =E14-E$3 -> 0.14854581 | L14: =K14*0.000000001/(2*PI()*J14*G14*0.000000000001) -> 1.4854623e-05 | M14: 1000 | N14: =(J14/M14-1)*1000000 -> 28.235138 | O14: =N14+P$1 -> 25.808258
A15: 44711.567 | B15: gr1000b | C15: 1000.0121 | D15: 5e-06 | E15: 0.153162 | F15: 2.521904e-05 | G15: 1591.5 | H15: 1.5 | I15: GR inner 21.123, pressure 1005.44 mb | J15: =C15-C$3 -> 1000.0121 | K15: =E15-E$3 -> 0.15313381 | L15: =K15*0.000000001/(2*PI()*J15*G15*0.000000000001) -> 1.5313671e-05 | M15: 1000 | N15: =(J15/M15-1)*1000000 -> 12.105138 | O15: =N15+P$1 -> 9.678258
A16: 44711.569 | B16: es13 | C16: 4.9999169 | D16: 9.8386991e-08 | E16: 0.00019832 | F16: 6.0133186e-07 | G16: 1591.5 | H16: 15 | I16: Sapphire ball 21.655 | J16: =C16-C$3 -> 4.999917 | K16: =E16-E$3 -> 0.00017013 | L16: =K16*0.000000001/(2*PI()*J16*G16*0.000000000001) -> 3.4027621e-06 | M16: 5 | N16: =(J16/M16-1)*1000000 -> -16.5904 | O16: =N16+P$1 -> -19.01728
A17: 44711.571 | B17: es16 | C17: 5.0000732 | D17: 8.2758685e-08 | E17: 0.00014668 | F17: 2.4579666e-06 | G17: 1591.5 | H17: 15 | J17: =C17-C$3 -> 5.0000733 | K17: =E17-E$3 -> 0.00011849 | L17: =K17*0.000000001/(2*PI()*J17*G17*0.000000000001) -> 2.3698389e-06 | M17: 5 | N17: =(J17/M17-1)*1000000 -> 14.6638 | O17: =N17+P$1 -> 12.23692
A18: 44711.572 | B18: es14 | C18: 0.50004637 | D18: 1.00005e-07 | E18: 7.444e-05 | F18: 7.5392307e-07 | G18: 1591.5 | H18: 15 | I18: Sapphire ball 21.655 | J18: =C18-C$3 -> 0.5000465 | K18: =E18-E$3 -> 4.625e-05 | L18: =K18*0.000000001/(2*PI()*J18*G18*0.000000000001) -> 9.249427e-06 | M18: 0.5 | N18: =(J18/M18-1)*1000000 -> 93.01 | O18: =N18+P$1 -> 90.58312
A19: 44711.574 | B19: ub1000 | C19: 1000.1498 | D19: 4.8989795e-06 | E19: 0.141179 | F19: 3.6455452e-05 | G19: 1591.5 | H19: 1.5 | I19: GMH 526 under UB1000 reads 20.68, pressure 1005.75 mb | J19: =C19-C$3 -> 1000.1498 | K19: =E19-E$3 -> 0.14115081 | L19: =K19*0.000000001/(2*PI()*J19*G19*0.000000000001) -> 1.4113405e-05 | M19: 1000 | N19: =(J19/M19-1)*1000000 -> 149.83614 | O19: =N19+P$1 -> 147.40926

Sheet AH2700A2022-05-31
A1: av_exp = 10, frequency = 1591.5, no. of samples = 10, settling samples = 2 | J1: zero_corrected | K1: from G:\Shared drives\MSL - Electricity - Ongoing\Farad\Cap_Scale_Sept_2021\compare 2019 2020.xlsx cell AA30 | M1: AH11C1 | N1: -4.2 | O1: correction | P1: =N1 - N6 -> -2.41414
A2: DateTime | B2: Capacitor | C2: Capacitance (pF) | D2: uCap (pF) | E2: Conductance (nS) | F2: uCond (nS) | G2: Frequency (Hz) | H2: Voltage (V) | J2: Capacitance (pF) | K2: Conductance (nS) | L2: tand | M2: nominal C | N2: error | O2: corrected ppm
A3: 44712.462 | B3: zero | C3: 4.66e-07 | D3: 1.1226754e-07 | E3: 2.715e-05 | F3: 6.264982e-07 | G3: 1591.5 | H3: 15 | I3: Fcu08 20.6, 52.99%, AH11_1: 11.9, -11.7, 31.0, .033, -.016, -.010, .017 | J3: =C3-C$3 -> 0 | K3: =D3-D$3 -> 0 | L3: - | N3: ppm
A4: 44712.465 | B4: ah11a1 | C4: 9.9999759 | D4: 1.3456968e-07 | E4: -9.499e-05 | F4: 8.4787971e-07 | G4: 1591.5 | H4: 15 | J4: =C4-C$3 -> 9.9999754 | K4: =E4-E$3 -> -0.00012214 | L4: =K4*0.000000001/(2*PI()*J4*G4*0.000000000001) -> -1.2214409e-06 | M4: 10 | N4: =(J4/M4-1)*1000000 -> -2.4597 | O4: =N4+P$1 -> -4.87384
A5: 44712.466 | B5: ah11b1 | C5: 9.999978 | D5: 8.6075548e-08 | E5: -1.908e-05 | F5: 9.2498649e-07 | G5: 1591.5 | H5: 15 | J5: =C5-C$3 -> 9.9999776 | K5: =E5-E$3 -> -4.623e-05 | L5: =K5*0.000000001/(2*PI()*J5*G5*0.000000000001) -> -4.623154e-07 | M5: 10 | N5: =(J5/M5-1)*1000000 -> -2.2447 | O5: =N5+P$1 -> -4.65884
A6: 44712.467 | B6: ah11c1 | C6: 99.999822 | D6: 1.077033e-07 | E6: 0.001791 | F6: 6.3245553e-07 | G6: 1591.5 | H6: 15 | I6: pressure 1003.76 mb | J6: =C6-C$3 -> 99.999821 | K6: =E6-E$3 -> 0.00176385 | L6: =K6*0.000000001/(2*PI()*J6*G6*0.000000000001) -> 1.7639079e-06 | M6: 100 | N6: =(J6/M6-1)*1000000 -> -1.78586 | O6: =N6+P$1 -> -4.2
A7: 44712.468 | B7: ah11d1 | C7: 99.999816 | D7: 1.3416408e-07 | E7: 0.0021646 | F7: 1.2806248e-06 | G7: 1591.5 | H7: 15 | I7: AH11_2: 11.8, -11.9, 30.1, -.033, -.047, -.004, .022 | J7: =C7-C$3 -> 99.999816 | K7: =E7-E$3 -> 0.00213745 | L7: =K7*0.000000001/(2*PI()*J7*G7*0.000000000001) -> 2.1375203e-06 | M7: 100 | N7: =(J7/M7-1)*1000000 -> -1.83966 | O7: =N7+P$1 -> -4.2538
A8: 44712.47 | B8: ah11a2 | C8: 9.9999756 | D8: 1.6555664e-07 | E8: -0.00020186 | F8: 8.3689904e-07 | G8: 1591.5 | H8: 15 | J8: =C8-C$3 -> 9.9999752 | K8: =E8-E$3 -> -0.00022901 | L8: =K8*0.000000001/(2*PI()*J8*G8*0.000000000001) -> -2.2901768e-06 | M8: 10 | N8: =(J8/M8-1)*1000000 -> -2.4827 | O8: =N8+P$1 -> -4.89684
A9: 44712.471 | B9: ah11b2 | C9: 9.9999732 | D9: 1.0030454e-07 | E9: -0.00016134 | F9: 6.8e-07 | G9: 1591.5 | H9: 15 | J9: =C9-C$3 -> 9.9999727 | K9: =E9-E$3 -> -0.00018849 | L9: =K9*0.000000001/(2*PI()*J9*G9*0.000000000001) -> -1.8849637e-06 | M9: 10 | N9: =(J9/M9-1)*1000000 -> -2.7299 | O9: =N9+P$1 -> -5.14404
A10: 44712.472 | B10: ah11c2 | C10: 99.999781 | D10: 8.3066237e-08 | E10: 0.0008771 | F10: 8.3066239e-07 | G10: 1591.5 | H10: 15 | J10: =C10-C$3 -> 99.999781 | K10: =E10-E$3 -> 0.00084995 | L10: =K10*0.000000001/(2*PI()*J10*G10*0.000000000001) -> 8.4997826e-07 | M10: 100 | N10: =(J10/M10-1)*1000000 -> -2.19356 | O10: =N10+P$1 -> -4.6077
A11: 44712.473 | B11: ah11d2 | C11: 99.999857 | D11: 5.385165e-08 | E11: 0.0009661 | F11: 1.1357817e-06 | G11: 1591.5 | H11: 15 | J11: =C11-C$3 -> 99.999857 | K11: =E11-E$3 -> 0.00093895 | L11: =K11*0.000000001/(2*PI()*J11*G11*0.000000000001) -> 9.3898051e-07 | M11: 100 | N11: =(J11/M11-1)*1000000 -> -1.43476 | O11: =N11+P$1 -> -3.8489
A12: 44712.476 | B12: gr10 | C12: 10.000211 | D12: 9.4339811e-08 | E12: 0.00086934 | F12: 1.109234e-06 | G12: 1591.5 | H12: 15 | I12: pressure 1003.64 mb, GR outer 23.98 | J12: =C12-C$3 -> 10.00021 | K12: =E12-E$3 -> 0.00084219 | L12: =K12*0.000000001/(2*PI()*J12*G12*0.000000000001) -> 8.4219846e-06 | M12: 10 | N12: =(J12/M12-1)*1000000 -> 21.0144 | O12: =N12+P$1 -> 18.60026
A13: 44712.479 | B13: gr100 | C13: 100.00409 | D13: 0 | E13: 0.0071302 | F13: 2.0099751e-06 | G13: 1591.5 | H13: 15 | I13: GR inner 23.98 | J13: =C13-C$3 -> 100.00409 | K13: =E13-E$3 -> 0.00710305 | L13: =K13*0.000000001/(2*PI()*J13*G13*0.000000000001) -> 7.1029801e-06 | M13: 100 | N13: =(J13/M13-1)*1000000 -> 40.90534 | O13: =N13+P$1 -> 38.4912
A14: 44712.481 | B14: gr1000a | C14: 1000.0324 | D14: 3e-06 | E14: 0.159852 | F14: 2.2715633e-05 | G14: 1591.5 | H14: 1.5 | J14: =C14-C$3 -> 1000.0324 | K14: =E14-E$3 -> 0.15982485 | L14: =K14*0.000000001/(2*PI()*J14*G14*0.000000000001) -> 1.5982463e-05 | M14: 1000 | N14: =(J14/M14-1)*1000000 -> 32.428534 | O14: =N14+P$1 -> 30.014394
A15: 44712.482 | B15: gr1000b | C15: 1000.0155 | D15: 0.00015920113 | E15: 0.164378 | F15: 0.00014891608 | G15: 1591.5 | H15: 1.5 | J15: =C15-C$3 -> 1000.0155 | K15: =E15-E$3 -> 0.16435085 | L15: =K15*0.000000001/(2*PI()*J15*G15*0.000000000001) -> 1.6435341e-05 | M15: 1000 | N15: =(J15/M15-1)*1000000 -> 15.494534 | O15: =N15+P$1 -> 13.080394
A16: 44712.484 | B16: es13 | C16: 4.99994 | D16: 8.3522452e-08 | E16: 0.00021248 | F16: 1.0254755e-06 | G16: 1591.5 | H16: 15 | I16: Logger 23.659, GMH 526 23.34 | J16: =C16-C$3 -> 4.9999395 | K16: =E16-E$3 -> 0.00018533 | L16: =K16*0.000000001/(2*PI()*J16*G16*0.000000000001) -> 3.70676e-06 | M16: 5 | N16: =(J16/M16-1)*1000000 -> -12.0976 | O16: =N16+P$1 -> -14.51174
A17: 44712.485 | B17: es16 | C17: 5.0000912 | D17: 5.706137e-08 | E17: 0.00018019 | F17: 1.2389108e-06 | G17: 1591.5 | H17: 15 | J17: =C17-C$3 -> 5.0000907 | K17: =E17-E$3 -> 0.00015304 | L17: =K17*0.000000001/(2*PI()*J17*G17*0.000000000001) -> 3.0608396e-06 | M17: 5 | N17: =(J17/M17-1)*1000000 -> 18.1372 | O17: =N17+P$1 -> 15.72306
A18: 44712.487 | B18: es14 | C18: 0.50004924 | D18: 8.5258431e-08 | E18: 7.392e-05 | F18: 8.4593144e-07 | G18: 1591.5 | H18: 15 | J18: =C18-C$3 -> 0.50004877 | K18: =E18-E$3 -> 4.677e-05 | L18: =K18*0.000000001/(2*PI()*J18*G18*0.000000000001) -> 9.3533781e-06 | M18: 0.5 | N18: =(J18/M18-1)*1000000 -> 97.546 | O18: =N18+P$1 -> 95.13186
A19: 44712.488 | B19: ub1000 | C19: 1000.1484 | D19: 3e-06 | E19: 0.131797 | F19: 0.00012353542 | G19: 1591.5 | H19: 1.5 | I19: pressure 1003.59 mb, GMH 526 under UB1000 20.79 | J19: =C19-C$3 -> 1000.1484 | K19: =E19-E$3 -> 0.13176985 | L19: =K19*0.000000001/(2*PI()*J19*G19*0.000000000001) -> 1.3175439e-05 | M19: 1000 | N19: =(J19/M19-1)*1000000 -> 148.38053 | O19: =N19+P$1 -> 145.96639

Sheet AH2700A2022-06-02
A1: av_exp = 10, frequency = 1591.5, no. of samples = 10, settling samples = 2 | J1: zero_corrected | K1: from G:\Shared drives\MSL - Electricity - Ongoing\Farad\Cap_Scale_Sept_2021\compare 2019 2020.xlsx cell AA30 | M1: AH11C1 | N1: -4.2 | O1: correction | P1: =N1 - N6 -> -2.41679
A2: DateTime | B2: Capacitor | C2: Capacitance (pF) | D2: uCap (pF) | E2: Conductance (nS) | F2: uCond (nS) | G2: Frequency (Hz) | H2: Voltage (V) | J2: Capacitance (pF) | K2: Conductance (nS) | L2: tand | M2: nominal C | N2: error | O2: corrected ppm
A3: 44714.476 | B3: zero | C3: -2.39e-07 | D3: 8.1541401e-08 | E3: 2.672e-05 | F3: 9.335952e-07 | G3: 1591.5 | H3: 15 | I3: AH11_1: 11.9, -11.7, 31.1, .033, -.016, -.010, .017 | J3: =C3-C$3 -> 0 | K3: =D3-D$3 -> 0 | L3: - | N3: ppm
A4: 44714.478 | B4: ah11a1 | C4: 9.9999756 | D4: 6.5886266e-08 | E4: -0.00012229 | F4: 1.0454186e-06 | G4: 1591.5 | H4: 15 | J4: =C4-C$3 -> 9.9999759 | K4: =E4-E$3 -> -0.00014901 | L4: =K4*0.000000001/(2*PI()*J4*G4*0.000000000001) -> -1.4901499e-06 | M4: 10 | N4: =(J4/M4-1)*1000000 -> -2.4118 | O4: =N4+P$1 -> -4.82859
A5: 44714.48 | B5: ah11b1 | C5: 9.9999776 | D5: 8.5556998e-08 | E5: -4.786e-05 | F5: 7.4859869e-07 | G5: 1591.5 | H5: 15 | J5: =C5-C$3 -> 9.9999779 | K5: =E5-E$3 -> -7.458e-05 | L5: =K5*0.000000001/(2*PI()*J5*G5*0.000000000001) -> -7.4582481e-07 | M5: 10 | N5: =(J5/M5-1)*1000000 -> -2.2111 | O5: =N5+P$1 -> -4.62789
A6: 44714.481 | B6: ah11c1 | C6: 99.999821 | D6: 6.6332495e-08 | E6: 0.0017713 | F6: 9e-07 | G6: 1591.5 | H6: 15 | J6: =C6-C$3 -> 99.999822 | K6: =E6-E$3 -> 0.00174458 | L6: =K6*0.000000001/(2*PI()*J6*G6*0.000000000001) -> 1.7446373e-06 | M6: 100 | N6: =(J6/M6-1)*1000000 -> -1.78321 | O6: =N6+P$1 -> -4.2
A7: 44714.482 | B7: ah11d1 | C7: 99.999816 | D7: 1.0049876e-07 | E7: 0.0021451 | F7: 7e-07 | G7: 1591.5 | H7: 15 | I7: AH11_2: 11.8, -11.9, 30.1, -.034, -.048, -.004, .022 | J7: =C7-C$3 -> 99.999816 | K7: =E7-E$3 -> 0.00211838 | L7: =K7*0.000000001/(2*PI()*J7*G7*0.000000000001) -> 2.1184497e-06 | M7: 100 | N7: =(J7/M7-1)*1000000 -> -1.83591 | O7: =N7+P$1 -> -4.2527
A8: 44714.484 | B8: ah11a2 | C8: 9.9999754 | D8: 9.2606695e-08 | E8: -0.00022195 | F8: 9.3834962e-07 | G8: 1591.5 | H8: 15 | J8: =C8-C$3 -> 9.9999757 | K8: =E8-E$3 -> -0.00024867 | L8: =K8*0.000000001/(2*PI()*J8*G8*0.000000000001) -> -2.4867833e-06 | M8: 10 | N8: =(J8/M8-1)*1000000 -> -2.4343 | O8: =N8+P$1 -> -4.85109
A9: 44714.486 | B9: ah11b2 | C9: 9.9999728 | D9: 7.1944423e-08 | E9: -0.00018832 | F9: 1.5822768e-06 | G9: 1591.5 | H9: 15 | J9: =C9-C$3 -> 9.999973 | K9: =E9-E$3 -> -0.00021504 | L9: =K9*0.000000001/(2*PI()*J9*G9*0.000000000001) -> -2.1504726e-06 | M9: 10 | N9: =(J9/M9-1)*1000000 -> -2.7009 | O9: =N9+P$1 -> -5.11769
A10: 44714.487 | B10: ah11c2 | C10: 99.999781 | D10: 1.2206555e-07 | E10: 0.0008548 | F10: 1.1661904e-06 | G10: 1591.5 | H10: 15 | J10: =C10-C$3 -> 99.999781 | K10: =E10-E$3 -> 0.00082808 | L10: =K10*0.000000001/(2*PI()*J10*G10*0.000000000001) -> 8.2810753e-07 | M10: 100 | N10: =(J10/M10-1)*1000000 -> -2.19151 | O10: =N10+P$1 -> -4.6083
A11: 44714.489 | B11: ah11d2 | C11: 99.999857 | D11: 1.2206556e-07 | E11: 0.0009471 | F11: 9.4339811e-07 | G11: 1591.5 | H11: 15 | J11: =C11-C$3 -> 99.999857 | K11: =E11-E$3 -> 0.00092038 | L11: =K11*0.000000001/(2*PI()*J11*G11*0.000000000001) -> 9.204099e-07 | M11: 100 | N11: =(J11/M11-1)*1000000 -> -1.42851 | O11: =N11+P$1 -> -3.8453
A12: 44714.491 | B12: gr10 | C12: 10.000213 | D12: 1.360147e-07 | E12: 0.00090647 | F12: 7.6426435e-07 | G12: 1591.5 | H12: 15 | I12: GR inner 2.006, 993.03 mb, inner is 24.0060 | J12: =C12-C$3 -> 10.000214 | K12: =E12-E$3 -> 0.00087975 | L12: =K12*0.000000001/(2*PI()*J12*G12*0.000000000001) -> 8.7975853e-06 | M12: 10 | N12: =(J12/M12-1)*1000000 -> 21.3589 | O12: =N12+P$1 -> 18.94211
A13: 44714.493 | B13: gr100 | C13: 100.0041 | D13: 0 | E13: 0.0076045 | F13: 1.7916473e-06 | G13: 1591.5 | H13: 15 | J13: =C13-C$3 -> 100.0041 | K13: =E13-E$3 -> 0.00757778 | L13: =K13*0.000000001/(2*PI()*J13*G13*0.000000000001) -> 7.5777044e-06 | M13: 100 | N13: =(J13/M13-1)*1000000 -> 41.04239 | O13: =N13+P$1 -> 38.6256
A14: 44714.494 | B14: gr1000a | C14: 1000.0326 | D14: 4e-06 | E14: 0.169483 | F14: 3.6345564e-05 | G14: 1591.5 | H14: 1.5 | J14: =C14-C$3 -> 1000.0326 | K14: =E14-E$3 -> 0.16945628 | L14: =K14*0.000000001/(2*PI()*J14*G14*0.000000000001) -> 1.6945602e-05 | M14: 1000 | N14: =(J14/M14-1)*1000000 -> 32.568239 | O14: =N14+P$1 -> 30.151449
A15: 44714.496 | B15: gr1000b | C15: 1000.0164 | D15: 0 | E15: 0.172414 | F15: 3.3526109e-05 | G15: 1591.5 | H15: 1.5 | J15: =C15-C$3 -> 1000.0164 | K15: =E15-E$3 -> 0.17238728 | L15: =K15*0.000000001/(2*PI()*J15*G15*0.000000000001) -> 1.723898e-05 | M15: 1000 | N15: =(J15/M15-1)*1000000 -> 16.430239 | O15: =N15+P$1 -> 14.013449
A16: 44714.497 | B16: es13 | C16: 4.9999465 | D16: 6.2e-08 | E16: 0.00022512 | F16: 7.6262704e-07 | G16: 1591.5 | H16: 15 | J16: =C16-C$3 -> 4.9999467 | K16: =E16-E$3 -> 0.0001984 | L16: =K16*0.000000001/(2*PI()*J16*G16*0.000000000001) -> 3.9681655e-06 | M16: 5 | N16: =(J16/M16-1)*1000000 -> -10.651 | O16: =N16+P$1 -> -13.06779
A17: 44714.499 | B17: es16 | C17: 5.0000952 | D17: 7.9849859e-08 | E17: 0.000104 | F17: 1.6774981e-06 | G17: 1591.5 | H17: 15 | I17: Sapphire ball logging 23.660 | J17: =C17-C$3 -> 5.0000954 | K17: =E17-E$3 -> 7.728e-05 | L17: =K17*0.000000001/(2*PI()*J17*G17*0.000000000001) -> 1.5456185e-06 | M17: 5 | N17: =(J17/M17-1)*1000000 -> 19.0874 | O17: =N17+P$1 -> 16.67061
A18: 44714.5 | B18: es14 | C18: 0.50004996 | D18: 8.908423e-08 | E18: 7.65e-05 | F18: 8.508819e-07 | G18: 1591.5 | H18: 15 | J18: =C18-C$3 -> 0.5000502 | K18: =E18-E$3 -> 4.978e-05 | L18: =K18*0.000000001/(2*PI()*J18*G18*0.000000000001) -> 9.9553098e-06 | M18: 0.5 | N18: =(J18/M18-1)*1000000 -> 100.394 | O18: =N18+P$1 -> 97.97721
A19: 44714.502 | B19: ub1000 | C19: 1000.1444 | D19: 4e-06 | E19: 0.149627 | F19: 4.7759816e-05 | G19: 1591.5 | H19: 1.5 | I19: GMH 526 reads 20.76 under UB 1000, reads 23.35 in sapphire ball | J19: =C19-C$3 -> 1000.1444 | K19: =E19-E$3 -> 0.14960028 | L19: =K19*0.000000001/(2*PI()*J19*G19*0.000000000001) -> 1.4958333e-05 | M19: 1000 | N19: =(J19/M19-1)*1000000 -> 144.39224 | O19: =N19+P$1 -> 141.97545

Sheet AH2700A2022-06-20
A1: av_exp = 10, frequency = 1591.5, no. of samples = 10, settling samples = 2 | J1: zero_corrected | K1: from G:\Shared drives\MSL - Electricity - Ongoing\Farad\Cap_Scale_Sept_2021\compare 2019 2020.xlsx cell AA30 | M1: AH11C1 | N1: -4.2 | O1: correction | P1: =N1 - N6 -> -2.39264
A2: DateTime | B2: Capacitor | C2: Capacitance (pF) | D2: uCap (pF) | E2: Conductance (nS) | F2: uCond (nS) | G2: Frequency (Hz) | H2: Voltage (V) | J2: Capacitance (pF) | K2: Conductance (nS) | L2: tand | M2: nominal C | N2: error | O2: corrected ppm
A3: 44732.571 | B3: zero | C3: 1.476e-06 | D3: 7.1021124e-08 | E3: 2.647e-05 | F3: 6.9433421e-07 | G3: 1591.5 | H3: 15 | I3: AH11_1:11.9, -11.7, 31.1, .033, -.016, -.010, .016 | J3: =C3-C$3 -> 0 | K3: =D3-D$3 -> 0 | L3: - | N3: ppm
A4: 44732.572 | B4: ah11a1 | C4: 9.9999755 | D4: 1.1625833e-07 | E4: -0.00014476 | F4: 9.5519631e-07 | G4: 1591.5 | H4: 15 | J4: =C4-C$3 -> 9.9999741 | K4: =E4-E$3 -> -0.00017123 | L4: =K4*0.000000001/(2*PI()*J4*G4*0.000000000001) -> -1.7123576e-06 | M4: 10 | N4: =(J4/M4-1)*1000000 -> -2.5948 | O4: =N4+P$1 -> -4.98744
A5: 44732.574 | B5: ah11b1 | C5: 9.999978 | D5: 1.161034e-07 | E5: -0.00010845 | F5: 1.0278619e-06 | G5: 1591.5 | H5: 15 | J5: =C5-C$3 -> 9.9999766 | K5: =E5-E$3 -> -0.00013492 | L5: =K5*0.000000001/(2*PI()*J5*G5*0.000000000001) -> -1.3492451e-06 | M5: 10 | N5: =(J5/M5-1)*1000000 -> -2.3436 | O5: =N5+P$1 -> -4.73624
A6: 44732.575 | B6: ah11c1 | C6: 99.999821 | D6: 7.9999998e-08 | E6: 0.0017436 | F6: 1.1135529e-06 | G6: 1591.5 | H6: 15 | J6: =C6-C$3 -> 99.999819 | K6: =E6-E$3 -> 0.00171713 | L6: =K6*0.000000001/(2*PI()*J6*G6*0.000000000001) -> 1.7171864e-06 | M6: 100 | N6: =(J6/M6-1)*1000000 -> -1.80736 | O6: =N6+P$1 -> -4.2
A7: 44732.576 | B7: ah11d1 | C7: 99.999816 | D7: 1.0198039e-07 | E7: 0.0021136 | F7: 6.6332496e-07 | G7: 1591.5 | H7: 15 | J7: =C7-C$3 -> 99.999814 | K7: =E7-E$3 -> 0.00208713 | L7: =K7*0.000000001/(2*PI()*J7*G7*0.000000000001) -> 2.0871987e-06 | M7: 100 | N7: =(J7/M7-1)*1000000 -> -1.85716 | O7: =N7+P$1 -> -4.2498
A8: 44732.577 | B8: ah11a2 | C8: 9.9999757 | D8: 9.0138782e-08 | E8: -0.00025677 | F8: 9.9704564e-07 | G8: 1591.5 | H8: 15 | I8: 11.8, -11.9, 30.2, -.033, -.043, -.004, .022 | J8: =C8-C$3 -> 9.9999742 | K8: =E8-E$3 -> -0.00028324 | L8: =K8*0.000000001/(2*PI()*J8*G8*0.000000000001) -> -2.8324953e-06 | M8: 10 | N8: =(J8/M8-1)*1000000 -> -2.5791 | O8: =N8+P$1 -> -4.97174
A9: 44732.579 | B9: ah11b2 | C9: 9.9999732 | D9: 6.1122827e-08 | E9: -0.00021484 | F9: 6.5604878e-07 | G9: 1591.5 | H9: 15 | J9: =C9-C$3 -> 9.9999717 | K9: =E9-E$3 -> -0.00024131 | L9: =K9*0.000000001/(2*PI()*J9*G9*0.000000000001) -> -2.4131818e-06 | M9: 10 | N9: =(J9/M9-1)*1000000 -> -2.8318 | O9: =N9+P$1 -> -5.22444
A10: 44732.58 | B10: ah11c2 | C10: 99.999781 | D10: 9.1651515e-08 | E10: 0.0008196 | F10: 1.1135529e-06 | G10: 1591.5 | H10: 15 | J10: =C10-C$3 -> 99.99978 | K10: =E10-E$3 -> 0.00079313 | L10: =K10*0.000000001/(2*PI()*J10*G10*0.000000000001) -> 7.9315638e-07 | M10: 100 | N10: =(J10/M10-1)*1000000 -> -2.20436 | O10: =N10+P$1 -> -4.597
A11: 44732.582 | B11: ah11d2 | C11: 99.999857 | D11: 1.2489996e-07 | E11: 0.0009067 | F11: 9e-07 | G11: 1591.5 | H11: 15 | J11: =C11-C$3 -> 99.999856 | K11: =E11-E$3 -> 0.00088023 | L11: =K11*0.000000001/(2*PI()*J11*G11*0.000000000001) -> 8.8025861e-07 | M11: 100 | N11: =(J11/M11-1)*1000000 -> -1.44196 | O11: =N11+P$1 -> -3.8346
A12: 44732.584 | B12: gr10 | C12: 10.000206 | D12: 1.1661904e-07 | E12: 0.00090529 | F12: 1.3156367e-06 | G12: 1591.5 | H12: 15 | I12: GR inner 24.0102, 1022.34mbar | J12: =C12-C$3 -> 10.000205 | K12: =E12-E$3 -> 0.00087882 | L12: =K12*0.000000001/(2*PI()*J12*G12*0.000000000001) -> 8.7882932e-06 | M12: 10 | N12: =(J12/M12-1)*1000000 -> 20.4504 | O12: =N12+P$1 -> 18.05776
A13: 44732.587 | B13: gr100 | C13: 100.0041 | D13: 0 | E13: 0.0079161 | F13: 2.1e-06 | G13: 1591.5 | H13: 15 | J13: =C13-C$3 -> 100.00409 | K13: =E13-E$3 -> 0.00788963 | L13: =K13*0.000000001/(2*PI()*J13*G13*0.000000000001) -> 7.889552e-06 | M13: 100 | N13: =(J13/M13-1)*1000000 -> 40.94524 | O13: =N13+P$1 -> 38.5526
A14: 44732.589 | B14: gr1000a | C14: 1000.0327 | D14: 5e-06 | E14: 0.177067 | F14: 3.318132e-05 | G14: 1591.5 | H14: 1.5 | J14: =C14-C$3 -> 1000.0327 | K14: =E14-E$3 -> 0.17704053 | L14: =K14*0.000000001/(2*PI()*J14*G14*0.000000000001) -> 1.7704024e-05 | M14: 1000 | N14: =(J14/M14-1)*1000000 -> 32.703524 | O14: =N14+P$1 -> 30.310884
A15: 44732.592 | B15: gr1000b | C15: 1000.0165 | D15: 4.5825757e-06 | E15: 0.180876 | F15: 2.059126e-05 | G15: 1591.5 | H15: 1.5 | I15: gr1nA read before settle down | J15: =C15-C$3 -> 1000.0165 | K15: =E15-E$3 -> 0.18084953 | L15: =K15*0.000000001/(2*PI()*J15*G15*0.000000000001) -> 1.8085216e-05 | M15: 1000 | N15: =(J15/M15-1)*1000000 -> 16.491524 | O15: =N15+P$1 -> 14.098884
A16: 44732.595 | B16: es13 | C16: 4.9999528 | D16: 6.2e-08 | E16: 0.00022947 | F16: 7.18401e-07 | G16: 1591.5 | H16: 15 | J16: =C16-C$3 -> 4.9999513 | K16: =E16-E$3 -> 0.000203 | L16: =K16*0.000000001/(2*PI()*J16*G16*0.000000000001) -> 4.0601656e-06 | M16: 5 | N16: =(J16/M16-1)*1000000 -> -9.73 | O16: =N16+P$1 -> -12.12264
A17: 44732.596 | B17: es16 | C17: 5.0001002 | D17: 6.0860496e-08 | E17: -6.593e-05 | F17: 2.9506101e-06 | G17: 1591.5 | H17: 15 | J17: =C17-C$3 -> 5.0000987 | K17: =E17-E$3 -> -9.24e-05 | L17: =K17*0.000000001/(2*PI()*J17*G17*0.000000000001) -> -1.8480209e-06 | M17: 5 | N17: =(J17/M17-1)*1000000 -> 19.7476 | O17: =N17+P$1 -> 17.35496
A18: 44732.599 | B18: es14 | C18: 0.50005057 | D18: 5.083306e-08 | E18: 7.562e-05 | F18: 8.9532117e-07 | G18: 1591.5 | H18: 15 | J18: =C18-C$3 -> 0.50004909 | K18: =E18-E$3 -> 4.915e-05 | L18: =K18*0.000000001/(2*PI()*J18*G18*0.000000000001) -> 9.8293403e-06 | M18: 0.5 | N18: =(J18/M18-1)*1000000 -> 98.18 | O18: =N18+P$1 -> 95.78736
A19: 44732.6 | B19: ub1000 | C19: 1000.1567 | D19: 4.8989795e-06 | E19: 0.13761 | F19: 1.6733201e-05 | G19: 1591.5 | H19: 1.5 | I19: S_ball 23.678 GMH*526 20.88 underUB, in oil 23.67 | J19: =C19-C$3 -> 1000.1567 | K19: =E19-E$3 -> 0.13758353 | L19: =K19*0.000000001/(2*PI()*J19*G19*0.000000000001) -> 1.3756625e-05 | M19: 1000 | N19: =(J19/M19-1)*1000000 -> 156.70252 | O19: =N19+P$1 -> 154.30988
A20: 44732.609 | B20: PC1 | C20: 10.000371 | D20: 1.4317821e-07 | E20: 0.00041626 | F20: 1.0180373e-06 | G20: 1591.5 | H20: 15 | J20: =C20-C$3 -> 10.000369 | K20: =E20-E$3 -> 0.00038979 | L20: =K20*0.000000001/(2*PI()*J20*G20*0.000000000001) -> 3.8978772e-06 | M20: 10 | N20: =(J20/M20-1)*1000000 -> 36.9074 | O20: =N20+P$1 -> 34.51476
A21: 44732.61 | B21: PC2 | C21: 10.000106 | D21: 5e-08 | E21: 0.00041752 | F21: 8.3402638e-07 | G21: 1591.5 | H21: 15 | J21: =C21-C$3 -> 10.000105 | K21: =E21-E$3 -> 0.00039105 | L21: =K21*0.000000001/(2*PI()*J21*G21*0.000000000001) -> 3.9105804e-06 | M21: 10 | N21: =(J21/M21-1)*1000000 -> 10.4874 | O21: =N21+P$1 -> 8.09476
A22: 44732.611 | B22: PC3 | C22: 10.000086 | D22: 1.5132746e-07 | E22: 0.00040574 | F22: 1.4058449e-06 | G22: 1591.5 | H22: 15 | J22: =C22-C$3 -> 10.000085 | K22: =E22-E$3 -> 0.00037927 | L22: =K22*0.000000001/(2*PI()*J22*G22*0.000000000001) -> 3.7927856e-06 | M22: 10 | N22: =(J22/M22-1)*1000000 -> 8.4834 | O22: =N22+P$1 -> 6.09076
A23: 44732.612 | B23: PC4 | C23: 10.000178 | D23: 1.3747727e-07 | E23: 0.00043976 | F23: 9.3187982e-07 | G23: 1591.5 | H23: 15 | J23: =C23-C$3 -> 10.000176 | K23: =E23-E$3 -> 0.00041329 | L23: =K23*0.000000001/(2*PI()*J23*G23*0.000000000001) -> 4.1329555e-06 | M23: 10 | N23: =(J23/M23-1)*1000000 -> 17.6214 | O23: =N23+P$1 -> 15.22876
A24: 44732.613 | B24: PC5 | C24: 9.9999905 | D24: 1.5285287e-07 | E24: 0.00041015 | F24: 1.285496e-06 | G24: 1591.5 | H24: 15 | J24: =C24-C$3 -> 9.999989 | K24: =E24-E$3 -> 0.00038368 | L24: =K24*0.000000001/(2*PI()*J24*G24*0.000000000001) -> 3.8369234e-06 | M24: 10 | N24: =(J24/M24-1)*1000000 -> -1.1022 | O24: =N24+P$1 -> -3.49484
A25: 44732.614 | B25: PC6 | C25: 10.000183 | D25: 1.1135529e-07 | E25: 0.00044035 | F25: 1.2745587e-06 | G25: 1591.5 | H25: 15 | J25: =C25-C$3 -> 10.000182 | K25: =E25-E$3 -> 0.00041388 | L25: =K25*0.000000001/(2*PI()*J25*G25*0.000000000001) -> 4.1388534e-06 | M25: 10 | N25: =(J25/M25-1)*1000000 -> 18.1584 | O25: =N25+P$1 -> 15.76576
A26: 44732.618 | B26: PC7 | C26: 10.000314 | D26: 1.6155494e-07 | E26: 0.00042545 | F26: 1.1002272e-06 | G26: 1591.5 | H26: 15 | J26: =C26-C$3 -> 10.000313 | K26: =E26-E$3 -> 0.00039898 | L26: =K26*0.000000001/(2*PI()*J26*G26*0.000000000001) -> 3.9897992e-06 | M26: 10 | N26: =(J26/M26-1)*1000000 -> 31.2594 | O26: =N26+P$1 -> 28.86676
A27: 44732.62 | B27: PC8 | C27: 10.000222 | D27: 1.5132746e-07 | E27: 0.00042754 | F27: 1.5140674e-06 | G27: 1591.5 | H27: 15 | I27: Permuteable Temp 21.0 FCU11 20.9 44.23%RH | J27: =C27-C$3 -> 10.00022 | K27: =E27-E$3 -> 0.00040107 | L27: =K27*0.000000001/(2*PI()*J27*G27*0.000000000001) -> 4.0107362e-06 | M27: 10 | N27: =(J27/M27-1)*1000000 -> 22.0234 | O27: =N27+P$1 -> 19.63076
A28: 44732.622 | B28: PC9 | C28: 10.000346 | D28: 1.7776389e-07 | E28: 0.00042912 | F28: 1.2528368e-06 | G28: 1591.5 | H28: 15 | J28: =C28-C$3 -> 10.000344 | K28: =E28-E$3 -> 0.00040265 | L28: =K28*0.000000001/(2*PI()*J28*G28*0.000000000001) -> 4.0264864e-06 | M28: 10 | N28: =(J28/M28-1)*1000000 -> 34.4444 | O28: =N28+P$1 -> 32.05176
A29: 44732.624 | B29: PC10 | C29: 10.000419 | D29: 1.356466e-07 | E29: 0.00042361 | F29: 1.0940293e-06 | G29: 1591.5 | H29: 15 | J29: =C29-C$3 -> 10.000417 | K29: =E29-E$3 -> 0.00039714 | L29: =K29*0.000000001/(2*PI()*J29*G29*0.000000000001) -> 3.9713576e-06 | M29: 10 | N29: =(J29/M29-1)*1000000 -> 41.7484 | O29: =N29+P$1 -> 39.35576
A30: 44732.625 | B30: PC11 | C30: 10.000221 | D30: 1.183216e-07 | E30: 0.00041694 | F30: 8.6510115e-07 | G30: 1591.5 | H30: 15 | J30: =C30-C$3 -> 10.00022 | K30: =E30-E$3 -> 0.00039047 | L30: =K30*0.000000001/(2*PI()*J30*G30*0.000000000001) -> 3.9047354e-06 | M30: 10 | N30: =(J30/M30-1)*1000000 -> 21.9824 | O30: =N30+P$1 -> 19.58976

Sheet AH2700A2022-06-21WZP
A1: av_exp = 10, frequency = 1591.5, no. of samples = 10, settling samples = 2 | J1: zero_corrected | K1: from G:\Shared drives\MSL - Electricity - Ongoing\Farad\Cap_Scale_Sept_2021\compare 2019 2020.xlsx cell AA30 | M1: AH11C1 | N1: -4.2 | O1: correction | P1: =N1 - N6 -> -2.2915
A2: DateTime | B2: Capacitor | C2: Capacitance (pF) | D2: uCap (pF) | E2: Conductance (nS) | F2: uCond (nS) | G2: Frequency (Hz) | H2: Voltage (V) | J2: Capacitance (pF) | K2: Conductance (nS) | L2: tand | M2: nominal C | N2: error | O2: corrected ppm
A3: 44733.005 | B3: zero | C3: 1.2e-05 | D3: 3e-07 | E3: 1.69e-05 | F3: 5.08e-06 | G3: 1591.5 | H3: 15 | I3: AH11_1:11.9, -11.7, 31.1, .033, -.016, -.010, .016 | J3: =C3-C$3 -> 0 | K3: =D3-D$3 -> 0 | L3: - | N3: ppm
A4: 44733.007 | B4: ah11a1 | C4: 9.9999757 | D4: 1.14e-07 | E4: -0.00012074 | F4: 7.09e-07 | G4: 1591.5 | H4: 15 | J4: =C4-C$3 -> 9.9999637 | K4: =E4-E$3 -> -0.00013764 | L4: =K4*0.000000001/(2*PI()*J4*G4*0.000000000001) -> -1.3764477e-06 | M4: 10 | N4: =(J4/M4-1)*1000000 -> -3.6251 | O4: =N4+P$1 -> -5.9166
A5: 44733.008 | B5: ah11b1 | C5: 9.9999781 | D5: 7.95e-08 | E5: -7.15e-05 | F5: 7.31e-07 | G5: 1591.5 | H5: 15 | J5: =C5-C$3 -> 9.9999661 | K5: =E5-E$3 -> -8.84e-05 | L5: =K5*0.000000001/(2*PI()*J5*G5*0.000000000001) -> -8.8403045e-07 | M5: 10 | N5: =(J5/M5-1)*1000000 -> -3.3896 | O5: =N5+P$1 -> -5.6811
A6: 44733.009 | B6: ah11c1 | C6: 99.999821 | D6: 1.02e-07 | E6: 0.0017608 | F6: 1.08e-06 | G6: 1591.5 | H6: 15 | J6: =C6-C$3 -> 99.999809 | K6: =E6-E$3 -> 0.0017439 | L6: =K6*0.000000001/(2*PI()*J6*G6*0.000000000001) -> 1.7439575e-06 | M6: 100 | N6: =(J6/M6-1)*1000000 -> -1.9085 | O6: =N6+P$1 -> -4.2
A7: 44733.01 | B7: ah11d1 | C7: 99.999816 | D7: 1.17e-07 | E7: 0.0021344 | F7: 1.11e-06 | G7: 1591.5 | H7: 15 | J7: =C7-C$3 -> 99.999804 | K7: =E7-E$3 -> 0.0021175 | L7: =K7*0.000000001/(2*PI()*J7*G7*0.000000000001) -> 2.1175699e-06 | M7: 100 | N7: =(J7/M7-1)*1000000 -> -1.9598 | O7: =N7+P$1 -> -4.2513
A8: 44733.012 | B8: ah11a2 | C8: 9.9999758 | D8: 7.91e-08 | E8: -0.00022942 | F8: 1.11e-06 | G8: 1591.5 | H8: 15 | I8: AH11_2:11.8, -11.9, 30.3, -.033, -.042, -.003, .022 | J8: =C8-C$3 -> 9.9999638 | K8: =E8-E$3 -> -0.00024632 | L8: =K8*0.000000001/(2*PI()*J8*G8*0.000000000001) -> -2.4632854e-06 | M8: 10 | N8: =(J8/M8-1)*1000000 -> -3.6179 | O8: =N8+P$1 -> -5.9094
A9: 44733.014 | B9: ah11b2 | C9: 9.9999733 | D9: 8.75e-08 | E9: -0.00019704 | F9: 9.92e-07 | G9: 1591.5 | H9: 15 | J9: =C9-C$3 -> 9.9999613 | K9: =E9-E$3 -> -0.00021394 | L9: =K9*0.000000001/(2*PI()*J9*G9*0.000000000001) -> -2.1394747e-06 | M9: 10 | N9: =(J9/M9-1)*1000000 -> -3.866 | O9: =N9+P$1 -> -6.1575
A10: 44733.016 | B10: ah11c2 | C10: 99.999781 | D10: 1.42e-07 | E10: 0.0008355 | F10: 9.22e-07 | G10: 1591.5 | H10: 15 | J10: =C10-C$3 -> 99.999769 | K10: =E10-E$3 -> 0.0008186 | L10: =K10*0.000000001/(2*PI()*J10*G10*0.000000000001) -> 8.1862731e-07 | M10: 100 | N10: =(J10/M10-1)*1000000 -> -2.3077 | O10: =N10+P$1 -> -4.5992
A11: 44733.017 | B11: ah11d2 | C11: 99.999857 | D11: 9.22e-08 | E11: 0.0009229 | F11: 1.14e-06 | G11: 1591.5 | H11: 15 | J11: =C11-C$3 -> 99.999845 | K11: =E11-E$3 -> 0.000906 | L11: =K11*0.000000001/(2*PI()*J11*G11*0.000000000001) -> 9.0602954e-07 | M11: 100 | N11: =(J11/M11-1)*1000000 -> -1.5465 | O11: =N11+P$1 -> -3.838
A12: 44733.018 | B12: gr10 | C12: 10.000204 | D12: 1.28e-07 | E12: 0.00087585 | F12: 1.15e-06 | G12: 1591.5 | H12: 15 | I12: GR inner 23.9840, 1025.59mbar | J12: =C12-C$3 -> 10.000192 | K12: =E12-E$3 -> 0.00085895 | L12: =K12*0.000000001/(2*PI()*J12*G12*0.000000000001) -> 8.5896017e-06 | M12: 10 | N12: =(J12/M12-1)*1000000 -> 19.224 | O12: =N12+P$1 -> 16.9325
A13: 44733.021 | B13: gr100 | C13: 100.00409 | D13: 3e-07 | E13: 0.0077844 | F13: 2.76e-06 | G13: 1591.5 | H13: 15 | J13: =C13-C$3 -> 100.00408 | K13: =E13-E$3 -> 0.0077675 | L13: =K13*0.000000001/(2*PI()*J13*G13*0.000000000001) -> 7.7674243e-06 | M13: 100 | N13: =(J13/M13-1)*1000000 -> 40.811 | O13: =N13+P$1 -> 38.5195
A14: 44733.024 | B14: gr1000a | C14: 1000.0327 | D14: 4e-06 | E14: 0.177769 | F14: 2.7e-05 | G14: 1591.5 | H14: 1.5 | J14: =C14-C$3 -> 1000.0327 | K14: =E14-E$3 -> 0.1777521 | L14: =K14*0.000000001/(2*PI()*J14*G14*0.000000000001) -> 1.7775181e-05 | M14: 1000 | N14: =(J14/M14-1)*1000000 -> 32.7 | O14: =N14+P$1 -> 30.4085
A15: 44733.026 | B15: gr1000b | C15: 1000.0162 | D15: 0.00060536 | E15: 0.185458 | F15: 0.000531786 | G15: 1591.5 | H15: 1.5 | J15: =C15-C$3 -> 1000.0162 | K15: =E15-E$3 -> 0.1854411 | L15: =K15*0.000000001/(2*PI()*J15*G15*0.000000000001) -> 1.8544386e-05 | M15: 1000 | N15: =(J15/M15-1)*1000000 -> 16.151 | O15: =N15+P$1 -> 13.8595
A16: 44733.028 | B16: es13 | C16: 4.999953 | D16: 3.66e-08 | E16: 0.00023808 | F16: 7.77e-07 | G16: 1591.5 | H16: 15 | J16: =C16-C$3 -> 4.999941 | K16: =E16-E$3 -> 0.00022118 | L16: =K16*0.000000001/(2*PI()*J16*G16*0.000000000001) -> 4.4237896e-06 | M16: 5 | N16: =(J16/M16-1)*1000000 -> -11.7906 | O16: =N16+P$1 -> -14.0821
A17: 44733.029 | B17: es16 | C17: 5.0001004 | D17: 8.96e-08 | E17: 0.00014061 | F17: 1.71e-05 | G17: 1591.5 | H17: 15 | J17: =C17-C$3 -> 5.0000884 | K17: =E17-E$3 -> 0.00012371 | L17: =K17*0.000000001/(2*PI()*J17*G17*0.000000000001) -> 2.4742331e-06 | M17: 5 | N17: =(J17/M17-1)*1000000 -> 17.6872 | O17: =N17+P$1 -> 15.3957
A18: 44733.031 | B18: es14 | C18: 0.50005079 | D18: 8.63e-08 | E18: 7.65e-05 | F18: 7.88e-07 | G18: 1591.5 | H18: 15 | J18: =C18-C$3 -> 0.50003879 | K18: =E18-E$3 -> 5.96e-05 | L18: =K18*0.000000001/(2*PI()*J18*G18*0.000000000001) -> 1.1919446e-05 | M18: 0.5 | N18: =(J18/M18-1)*1000000 -> 77.578 | O18: =N18+P$1 -> 75.2865
A19: 44733.033 | B19: ub1000 | C19: 1000.1582 | D19: 4.47e-06 | E19: 0.135994 | F19: 3.01e-05 | G19: 1591.5 | H19: 1.5 | I19: S-ball 23.6794 GMH*526 20.81 under UB cap, in oil 23.37 | J19: =C19-C$3 -> 1000.1582 | K19: =E19-E$3 -> 0.1359771 | L19: =K19*0.000000001/(2*PI()*J19*G19*0.000000000001) -> 1.3595981e-05 | M19: 1000 | N19: =(J19/M19-1)*1000000 -> 158.198 | O19: =N19+P$1 -> 155.9065
A20: 44733.036 | B20: PC1 | C20: 10.000361 | D20: 2.28e-07 | E20: 0.00038683 | F20: 6.96e-06 | G20: 1591.5 | H20: 15 | I20: Permuteable Temp 21.54 in oil bath no oil, FCU11 Valsala offline | J20: =C20-C$3 -> 10.000349 | K20: =E20-E$3 -> 0.00036993 | L20: =K20*0.000000001/(2*PI()*J20*G20*0.000000000001) -> 3.6992857e-06 | M20: 10 | N20: =(J20/M20-1)*1000000 -> 34.917 | O20: =N20+P$1 -> 32.6255
A21: 44733.037 | B21: PC2 | C21: 10.000101 | D21: 2.33e-07 | E21: 0.00032805 | F21: 8.07e-06 | G21: 1591.5 | H21: 15 | J21: =C21-C$3 -> 10.000089 | K21: =E21-E$3 -> 0.00031115 | L21: =K21*0.000000001/(2*PI()*J21*G21*0.000000000001) -> 3.1115689e-06 | M21: 10 | N21: =(J21/M21-1)*1000000 -> 8.915 | O21: =N21+P$1 -> 6.6235
A22: 44733.04 | B22: PC3 | C22: 10.00008 | D22: 1.48e-07 | E22: 0.00020109 | F22: 1.43e-06 | G22: 1591.5 | H22: 15 | J22: =C22-C$3 -> 10.000068 | K22: =E22-E$3 -> 0.00018419 | L22: =K22*0.000000001/(2*PI()*J22*G22*0.000000000001) -> 1.8419448e-06 | M22: 10 | N22: =(J22/M22-1)*1000000 -> 6.75 | O22: =N22+P$1 -> 4.4585
A23: 44733.041 | B23: PC4 | C23: 10.000174 | D23: 1.3e-07 | E23: 0.00042711 | F23: 1.48e-06 | G23: 1591.5 | H23: 15 | J23: =C23-C$3 -> 10.000162 | K23: =E23-E$3 -> 0.00041021 | L23: =K23*0.000000001/(2*PI()*J23*G23*0.000000000001) -> 4.1021608e-06 | M23: 10 | N23: =(J23/M23-1)*1000000 -> 16.231 | O23: =N23+P$1 -> 13.9395
A24: 44733 | B24: PC5 | C24: 9.9999693 | D24: 1.01e-07 | E24: 0.00028139 | F24: 1.36e-06 | G24: 1591.5 | H24: 15 | J24: =C24-C$3 -> 9.9999573 | K24: =E24-E$3 -> 0.00026449 | L24: =K24*0.000000001/(2*PI()*J24*G24*0.000000000001) -> 2.6449935e-06 | M24: 10 | N24: =(J24/M24-1)*1000000 -> -4.2743 | O24: =N24+P$1 -> -6.5658
A25: 44733.001 | B25: PC6 | C25: 10.000181 | D25: 1.28e-07 | E25: 0.00041969 | F25: 1.54e-06 | G25: 1591.5 | H25: 15 | J25: =C25-C$3 -> 10.000169 | K25: =E25-E$3 -> 0.00040279 | L25: =K25*0.000000001/(2*PI()*J25*G25*0.000000000001) -> 4.0279572e-06 | M25: 10 | N25: =(J25/M25-1)*1000000 -> 16.866 | O25: =N25+P$1 -> 14.5745
A26: 44733.002 | B26: PC7 | C26: 10.000303 | D26: 1.66e-07 | E26: 0.00038531 | F26: 1.39e-06 | G26: 1591.5 | H26: 15 | J26: =C26-C$3 -> 10.000291 | K26: =E26-E$3 -> 0.00036841 | L26: =K26*0.000000001/(2*PI()*J26*G26*0.000000000001) -> 3.6841071e-06 | M26: 10 | N26: =(J26/M26-1)*1000000 -> 29.122 | O26: =N26+P$1 -> 26.8305
A27: 44733.003 | B27: PC8 | C27: 10.000214 | D27: 2.16e-07 | E27: 0.00038247 | F27: 1.89e-06 | G27: 1591.5 | H27: 15 | J27: =C27-C$3 -> 10.000202 | K27: =E27-E$3 -> 0.00036557 | L27: =K27*0.000000001/(2*PI()*J27*G27*0.000000000001) -> 3.6557396e-06 | M27: 10 | N27: =(J27/M27-1)*1000000 -> 20.235 | O27: =N27+P$1 -> 17.9435
A28: 44733.004 | B28: PC9 | C28: 10.000337 | D28: 1.1e-07 | E28: 0.00030429 | F28: 1.42e-06 | G28: 1591.5 | H28: 15 | J28: =C28-C$3 -> 10.000325 | K28: =E28-E$3 -> 0.00028739 | L28: =K28*0.000000001/(2*PI()*J28*G28*0.000000000001) -> 2.8738957e-06 | M28: 10 | N28: =(J28/M28-1)*1000000 -> 32.54 | O28: =N28+P$1 -> 30.2485
A29: 44733.005 | B29: PC10 | C29: 10.000401 | D29: 8e-08 | E29: 0.00034054 | F29: 1.39e-06 | G29: 1591.5 | H29: 15 | J29: =C29-C$3 -> 10.000389 | K29: =E29-E$3 -> 0.00032364 | L29: =K29*0.000000001/(2*PI()*J29*G29*0.000000000001) -> 3.2363746e-06 | M29: 10 | N29: =(J29/M29-1)*1000000 -> 38.906 | O29: =N29+P$1 -> 36.6145
A30: 44733.006 | B30: PC11 | C30: 10.00021 | D30: 1.47e-07 | E30: 0.00035638 | F30: 2.87e-06 | G30: 1591.5 | H30: 15 | J30: =C30-C$3 -> 10.000198 | K30: =E30-E$3 -> 0.00033948 | L30: =K30*0.000000001/(2*PI()*J30*G30*0.000000000001) -> 3.3948384e-06 | M30: 10 | N30: =(J30/M30-1)*1000000 -> 19.758 | O30: =N30+P$1 -> 17.4665

Sheet AH2700A2022-06-21
A1: av_exp = 10, frequency = 1591.5, no. of samples = 10, settling samples = 2 | J1: zero_corrected | K1: from G:\Shared drives\MSL - Electricity - Ongoing\Farad\Cap_Scale_Sept_2021\compare 2019 2020.xlsx cell AA30 | M1: AH11C1 | N1: -4.2 | O1: correction | P1: =N1 - N6 -> -2.41672
A2: DateTime | B2: Capacitor | C2: Capacitance (pF) | D2: uCap (pF) | E2: Conductance (nS) | F2: uCond (nS) | G2: Frequency (Hz) | H2: Voltage (V) | J2: Capacitance (pF) | K2: Conductance (nS) | L2: tand | M2: nominal C | N2: error | O2: corrected ppm
A3: 44733.624 | B3: zero | C3: 9.8e-08 | D3: 8.3282651e-08 | E3: 2.732e-05 | F3: 6.6151342e-07 | G3: 1591.5 | H3: 15 | I3: AH11_1:11.9, -11.7, 31.2, .033, -.016, -.010, .016 | J3: =C3-C$3 -> 0 | K3: =D3-D$3 -> 0 | L3: - | N3: ppm
A4: 44733.625 | B4: ah11a1 | C4: 9.9999758 | D4: 8.9442719e-08 | E4: -0.00013245 | F4: 6.946222e-07 | G4: 1591.5 | H4: 15 | J4: =C4-C$3 -> 9.9999758 | K4: =E4-E$3 -> -0.00015977 | L4: =K4*0.000000001/(2*PI()*J4*G4*0.000000000001) -> -1.5977535e-06 | M4: 10 | N4: =(J4/M4-1)*1000000 -> -2.4248 | O4: =N4+P$1 -> -4.84152
A5: 44733.626 | B5: ah11b1 | C5: 9.9999782 | D5: 1.072194e-07 | E5: -9.333e-05 | F5: 1.2837835e-06 | G5: 1591.5 | H5: 15 | J5: =C5-C$3 -> 9.9999781 | K5: =E5-E$3 -> -0.00012065 | L5: =K5*0.000000001/(2*PI()*J5*G5*0.000000000001) -> -1.2065401e-06 | M5: 10 | N5: =(J5/M5-1)*1000000 -> -2.1856 | O5: =N5+P$1 -> -4.60232
A6: 44733.627 | B6: ah11c1 | C6: 99.999822 | D6: 1.1e-07 | E6: 0.0017477 | F6: 6.4031242e-07 | G6: 1591.5 | H6: 15 | J6: =C6-C$3 -> 99.999822 | K6: =E6-E$3 -> 0.00172038 | L6: =K6*0.000000001/(2*PI()*J6*G6*0.000000000001) -> 1.7204365e-06 | M6: 100 | N6: =(J6/M6-1)*1000000 -> -1.78328 | O6: =N6+P$1 -> -4.2
A7: 44733.628 | B7: ah11d1 | C7: 99.999817 | D7: 9.4339811e-08 | E7: 0.0021258 | F7: 8.7177979e-07 | G7: 1591.5 | H7: 15 | J7: =C7-C$3 -> 99.999817 | K7: =E7-E$3 -> 0.00209848 | L7: =K7*0.000000001/(2*PI()*J7*G7*0.000000000001) -> 2.098549e-06 | M7: 100 | N7: =(J7/M7-1)*1000000 -> -1.83308 | O7: =N7+P$1 -> -4.2498
A8: 44733.629 | B8: ah11a2 | C8: 9.9999758 | D8: 8.8340251e-08 | E8: -0.00023374 | F8: 1.1191068e-06 | G8: 1591.5 | H8: 15 | I8: AH11_2:11.8, -11.9, 30.3, -.032, -.042, -.003, 022 | J8: =C8-C$3 -> 9.9999757 | K8: =E8-E$3 -> -0.00026106 | L8: =K8*0.000000001/(2*PI()*J8*G8*0.000000000001) -> -2.6106874e-06 | M8: 10 | N8: =(J8/M8-1)*1000000 -> -2.4302 | O8: =N8+P$1 -> -4.84692
A9: 44733.63 | B9: ah11b2 | C9: 9.9999734 | D9: 7.6967526e-08 | E9: -0.00019747 | F9: 7.4437894e-07 | G9: 1591.5 | H9: 15 | J9: =C9-C$3 -> 9.9999733 | K9: =E9-E$3 -> -0.00022479 | L9: =K9*0.000000001/(2*PI()*J9*G9*0.000000000001) -> -2.2479758e-06 | M9: 10 | N9: =(J9/M9-1)*1000000 -> -2.6744 | O9: =N9+P$1 -> -5.09112
A10: 44733.631 | B10: ah11c2 | C10: 99.999782 | D10: 1.1661904e-07 | E10: 0.0008353 | F10: 7.8102497e-07 | G10: 1591.5 | H10: 15 | J10: =C10-C$3 -> 99.999782 | K10: =E10-E$3 -> 0.00080798 | L10: =K10*0.000000001/(2*PI()*J10*G10*0.000000000001) -> 8.0800686e-07 | M10: 100 | N10: =(J10/M10-1)*1000000 -> -2.18278 | O10: =N10+P$1 -> -4.5995
A11: 44733.632 | B11: ah11d2 | C11: 99.999858 | D11: 1.8439089e-07 | E11: 0.0009203 | F11: 1.4866069e-06 | G11: 1591.5 | H11: 15 | J11: =C11-C$3 -> 99.999858 | K11: =E11-E$3 -> 0.00089298 | L11: =K11*0.000000001/(2*PI()*J11*G11*0.000000000001) -> 8.93009e-07 | M11: 100 | N11: =(J11/M11-1)*1000000 -> -1.42098 | O11: =N11+P$1 -> -3.8377
A12: 44733.633 | B12: gr10 | C12: 10.000206 | D12: 5e-08 | E12: 0.00091618 | F12: 1.3926952e-06 | G12: 1591.5 | H12: 15 | I12: GR inner 23.9838, 1024.70mbar | J12: =C12-C$3 -> 10.000206 | K12: =E12-E$3 -> 0.00088886 | L12: =K12*0.000000001/(2*PI()*J12*G12*0.000000000001) -> 8.8886932e-06 | M12: 10 | N12: =(J12/M12-1)*1000000 -> 20.5752 | O12: =N12+P$1 -> 18.15848
A13: 44733.635 | B13: gr100 | C13: 100.0041 | D13: 4e-07 | E13: 0.0082439 | F13: 4.1340053e-06 | G13: 1591.5 | H13: 15 | J13: =C13-C$3 -> 100.0041 | K13: =E13-E$3 -> 0.00821658 | L13: =K13*0.000000001/(2*PI()*J13*G13*0.000000000001) -> 8.2164986e-06 | M13: 100 | N13: =(J13/M13-1)*1000000 -> 40.97102 | O13: =N13+P$1 -> 38.5543
A14: 44733.637 | B14: gr1000a | C14: 1000.0327 | D14: 4.8989795e-06 | E14: 0.172473 | F14: 4.3139309e-05 | G14: 1591.5 | H14: 1.5 | J14: =C14-C$3 -> 1000.0327 | K14: =E14-E$3 -> 0.17244568 | L14: =K14*0.000000001/(2*PI()*J14*G14*0.000000000001) -> 1.724454e-05 | M14: 1000 | N14: =(J14/M14-1)*1000000 -> 32.693902 | O14: =N14+P$1 -> 30.277182
A15: 44733.639 | B15: gr1000b | C15: 1000.0165 | D15: 4e-06 | E15: 0.176136 | F15: 2.6532998e-05 | G15: 1591.5 | H15: 1.5 | J15: =C15-C$3 -> 1000.0165 | K15: =E15-E$3 -> 0.17610868 | L15: =K15*0.000000001/(2*PI()*J15*G15*0.000000000001) -> 1.7611125e-05 | M15: 1000 | N15: =(J15/M15-1)*1000000 -> 16.471902 | O15: =N15+P$1 -> 14.055182
A16: 44733.64 | B16: es13 | C16: 4.9999527 | D16: 1.16e-07 | E16: 0.00022284 | F16: 4.8207883e-07 | G16: 1591.5 | H16: 15 | J16: =C16-C$3 -> 4.9999526 | K16: =E16-E$3 -> 0.00019552 | L16: =K16*0.000000001/(2*PI()*J16*G16*0.000000000001) -> 3.9105585e-06 | M16: 5 | N16: =(J16/M16-1)*1000000 -> -9.4752 | O16: =N16+P$1 -> -11.89192
A17: 44733.641 | B17: es16 | C17: 5.0001002 | D17: 9.7616597e-08 | E17: 0.00015447 | F17: 7.1700767e-07 | G17: 1591.5 | H17: 15 | J17: =C17-C$3 -> 5.0001001 | K17: =E17-E$3 -> 0.00012715 | L17: =K17*0.000000001/(2*PI()*J17*G17*0.000000000001) -> 2.5430281e-06 | M17: 5 | N17: =(J17/M17-1)*1000000 -> 20.0206 | O17: =N17+P$1 -> 17.60388
A18: 44733.642 | B18: es14 | C18: 0.50005042 | D18: 7.1867934e-08 | E18: 7.637e-05 | F18: 1.179025e-06 | G18: 1591.5 | H18: 15 | J18: =C18-C$3 -> 0.50005033 | K18: =E18-E$3 -> 4.905e-05 | L18: =K18*0.000000001/(2*PI()*J18*G18*0.000000000001) -> 9.8093173e-06 | M18: 0.5 | N18: =(J18/M18-1)*1000000 -> 100.654 | O18: =N18+P$1 -> 98.23728
A19: 44733.643 | B19: ub1000 | C19: 1000.1575 | D19: 4.8989795e-06 | E19: 0.135335 | F19: 3.7215588e-05 | G19: 1591.5 | H19: 1.5 | I19: S-ball 23.6796 GMH*526 20.84 under UB cap, in oil 23.36 | J19: =C19-C$3 -> 1000.1575 | K19: =E19-E$3 -> 0.13530768 | L19: =K19*0.000000001/(2*PI()*J19*G19*0.000000000001) -> 1.3529058e-05 | M19: 1000 | N19: =(J19/M19-1)*1000000 -> 157.4539 | O19: =N19+P$1 -> 155.03718
A20: 44733.645 | B20: PC1 | C20: 10.00036 | D20: 9.4339811e-08 | E20: 0.00042001 | F20: 7.8160092e-07 | G20: 1591.5 | H20: 15 | I20: Permuteable Temp 21.54 in oil bath no oil, FCU11 Valsala offline | J20: =C20-C$3 -> 10.00036 | K20: =E20-E$3 -> 0.00039269 | L20: =K20*0.000000001/(2*PI()*J20*G20*0.000000000001) -> 3.9268805e-06 | M20: 10 | N20: =(J20/M20-1)*1000000 -> 36.0192 | O20: =N20+P$1 -> 33.60248
A21: 44733.645 | B21: PC2 | C21: 10.000101 | D21: 1.1874342e-07 | E21: 0.00042071 | F21: 8.9938868e-07 | G21: 1591.5 | H21: 15 | J21: =C21-C$3 -> 10.000101 | K21: =E21-E$3 -> 0.00039339 | L21: =K21*0.000000001/(2*PI()*J21*G21*0.000000000001) -> 3.9339826e-06 | M21: 10 | N21: =(J21/M21-1)*1000000 -> 10.0632 | O21: =N21+P$1 -> 7.64648
A22: 44733.646 | B22: PC3 | C22: 10.000079 | D22: 1.3e-07 | E22: 0.00040933 | F22: 1.0139527e-06 | G22: 1591.5 | H22: 15 | J22: =C22-C$3 -> 10.000079 | K22: =E22-E$3 -> 0.00038201 | L22: =K22*0.000000001/(2*PI()*J22*G22*0.000000000001) -> 3.8201884e-06 | M22: 10 | N22: =(J22/M22-1)*1000000 -> 7.9212 | O22: =N22+P$1 -> 5.50448
A23: 44733.647 | B23: PC4 | C23: 10.000174 | D23: 1.4456832e-07 | E23: 0.00044372 | F23: 1.2576168e-06 | G23: 1591.5 | H23: 15 | J23: =C23-C$3 -> 10.000174 | K23: =E23-E$3 -> 0.0004164 | L23: =K23*0.000000001/(2*PI()*J23*G23*0.000000000001) -> 4.164057e-06 | M23: 10 | N23: =(J23/M23-1)*1000000 -> 17.3712 | O23: =N23+P$1 -> 14.95448
A24: 44733.648 | B24: PC5 | C24: 9.9999679 | D24: 1.3360015e-07 | E24: 0.00040977 | F24: 9.5503927e-07 | G24: 1591.5 | H24: 15 | J24: =C24-C$3 -> 9.9999678 | K24: =E24-E$3 -> 0.00038245 | L24: =K24*0.000000001/(2*PI()*J24*G24*0.000000000001) -> 3.8246311e-06 | M24: 10 | N24: =(J24/M24-1)*1000000 -> -3.2229 | O24: =N24+P$1 -> -5.63962
A25: 44733.649 | B25: PC6 | C25: 10.00018 | D25: 2.3748684e-07 | E25: 0.00044367 | F25: 9.3493315e-07 | G25: 1591.5 | H25: 15 | J25: =C25-C$3 -> 10.00018 | K25: =E25-E$3 -> 0.00041635 | L25: =K25*0.000000001/(2*PI()*J25*G25*0.000000000001) -> 4.1635542e-06 | M25: 10 | N25: =(J25/M25-1)*1000000 -> 18.0342 | O25: =N25+P$1 -> 15.61748
A26: 44733.65 | B26: PC7 | C26: 10.000302 | D26: 8.7177979e-08 | E26: 0.00043069 | F26: 1.5326121e-06 | G26: 1591.5 | H26: 15 | J26: =C26-C$3 -> 10.000302 | K26: =E26-E$3 -> 0.00040337 | L26: =K26*0.000000001/(2*PI()*J26*G26*0.000000000001) -> 4.0337034e-06 | M26: 10 | N26: =(J26/M26-1)*1000000 -> 30.2182 | O26: =N26+P$1 -> 27.80148
A27: 44733.651 | B27: PC8 | C27: 10.000214 | D27: 9.2195445e-08 | E27: 0.00043132 | F27: 1.271849e-06 | G27: 1591.5 | H27: 15 | J27: =C27-C$3 -> 10.000213 | K27: =E27-E$3 -> 0.000404 | L27: =K27*0.000000001/(2*PI()*J27*G27*0.000000000001) -> 4.0400392e-06 | M27: 10 | N27: =(J27/M27-1)*1000000 -> 21.3452 | O27: =N27+P$1 -> 18.92848
A28: 44733.651 | B28: PC9 | C28: 10.000337 | D28: 1.6155494e-07 | E28: 0.00043429 | F28: 1.3247264e-06 | G28: 1591.5 | H28: 15 | J28: =C28-C$3 -> 10.000337 | K28: =E28-E$3 -> 0.00040697 | L28: =K28*0.000000001/(2*PI()*J28*G28*0.000000000001) -> 4.0696894e-06 | M28: 10 | N28: =(J28/M28-1)*1000000 -> 33.6672 | O28: =N28+P$1 -> 31.25048
A29: 44733.652 | B29: PC10 | C29: 10.0004 | D29: 1.68523e-07 | E29: 0.00042571 | F29: 8.9044932e-07 | G29: 1591.5 | H29: 15 | J29: =C29-C$3 -> 10.000399 | K29: =E29-E$3 -> 0.00039839 | L29: =K29*0.000000001/(2*PI()*J29*G29*0.000000000001) -> 3.9838646e-06 | M29: 10 | N29: =(J29/M29-1)*1000000 -> 39.9462 | O29: =N29+P$1 -> 37.52948
A30: 44733.653 | B30: PC11 | C30: 10.000208 | D30: 1.0440307e-07 | E30: 0.00042113 | F30: 6.6037868e-07 | G30: 1591.5 | H30: 15 | J30: =C30-C$3 -> 10.000208 | K30: =E30-E$3 -> 0.00039381 | L30: =K30*0.000000001/(2*PI()*J30*G30*0.000000000001) -> 3.9381404e-06 | M30: 10 | N30: =(J30/M30-1)*1000000 -> 20.8092 | O30: =N30+P$1 -> 18.39248

Sheet AH2700A2022-07-04
A1: av_exp = 10, frequency = 1591.5, no. of samples = 10, settling samples = 2 | J1: zero_corrected | K1: from G:\Shared drives\MSL - Electricity - Ongoing\Farad\Cap_Scale_Sept_2021\compare 2019 2020.xlsx cell AA30 | M1: AH11C1 | N1: -4.2 | O1: correction | P1: =N1 - N6 -> -2.42556
A2: DateTime | B2: Capacitor | C2: Capacitance (pF) | D2: uCap (pF) | E2: Conductance (nS) | F2: uCond (nS) | G2: Frequency (Hz) | H2: Voltage (V) | J2: Capacitance (pF) | K2: Conductance (nS) | L2: tand | M2: nominal C | N2: error | O2: corrected ppm
A3: 44746.409 | B3: zero | C3: -8.6e-08 | D3: 7.059745e-08 | E3: 2.679e-05 | F3: 8.2758685e-07 | G3: 1591.5 | H3: 15 | I3: AH11_1: 11.9, -11.7, 30.8, .033, -.016, -.012, .017 | J3: =C3-C$3 -> 0 | K3: =D3-D$3 -> 0 | L3: - | N3: ppm
A4: 44746.412 | B4: ah11a1 | C4: 9.9999758 | D4: 1.33e-07 | E4: -0.00014275 | F4: 1.4291606e-06 | G4: 1591.5 | H4: 15 | J4: =C4-C$3 -> 9.9999759 | K4: =E4-E$3 -> -0.00016954 | L4: =K4*0.000000001/(2*PI()*J4*G4*0.000000000001) -> -1.6954567e-06 | M4: 10 | N4: =(J4/M4-1)*1000000 -> -2.4095 | O4: =N4+P$1 -> -4.83506
A5: 44746.413 | B5: ah11b1 | C5: 9.9999783 | D5: 5.444263e-08 | E5: -0.0001019 | F5: 8.6023253e-07 | G5: 1591.5 | H5: 15 | J5: =C5-C$3 -> 9.9999784 | K5: =E5-E$3 -> -0.00012869 | L5: =K5*0.000000001/(2*PI()*J5*G5*0.000000000001) -> -1.2869428e-06 | M5: 10 | N5: =(J5/M5-1)*1000000 -> -2.16 | O5: =N5+P$1 -> -4.58556
A6: 44746.417 | B6: ah11c1 | C6: 99.999822 | D6: 7.8102494e-08 | E6: 0.0017445 | F6: 1.118034e-06 | G6: 1591.5 | H6: 15 | J6: =C6-C$3 -> 99.999823 | K6: =E6-E$3 -> 0.00171771 | L6: =K6*0.000000001/(2*PI()*J6*G6*0.000000000001) -> 1.7177664e-06 | M6: 100 | N6: =(J6/M6-1)*1000000 -> -1.77444 | O6: =N6+P$1 -> -4.2
A7: 44746.418 | B7: ah11d1 | C7: 99.999817 | D7: 1.2206556e-07 | E7: 0.0021273 | F7: 1.1874342e-06 | G7: 1591.5 | H7: 15 | J7: =C7-C$3 -> 99.999817 | K7: =E7-E$3 -> 0.00210051 | L7: =K7*0.000000001/(2*PI()*J7*G7*0.000000000001) -> 2.1005791e-06 | M7: 100 | N7: =(J7/M7-1)*1000000 -> -1.82504 | O7: =N7+P$1 -> -4.2506
A8: 44746.42 | B8: ah11a2 | C8: 9.9999756 | D8: 4.4090815e-08 | E8: -0.00024533 | F8: 8.0876449e-07 | G8: 1591.5 | H8: 15 | I8: AH11_2 | J8: =C8-C$3 -> 9.9999756 | K8: =E8-E$3 -> -0.00027212 | L8: =K8*0.000000001/(2*PI()*J8*G8*0.000000000001) -> -2.7212911e-06 | M8: 10 | N8: =(J8/M8-1)*1000000 -> -2.436 | O8: =N8+P$1 -> -4.86156
A9: 44746.424 | B9: ah11b2 | C9: 9.9999731 | D9: 1.039038e-07 | E9: -0.00020693 | F9: 7.6295478e-07 | G9: 1591.5 | H9: 15 | I9: Results of ah11c2 | J9: =C9-C$3 -> 9.9999732 | K9: =E9-E$3 -> -0.00023372 | L9: =K9*0.000000001/(2*PI()*J9*G9*0.000000000001) -> -2.3372789e-06 | M9: 10 | N9: =(J9/M9-1)*1000000 -> -2.6792 | O9: =N9+P$1 -> -5.10476
A10: 44746.428 | B10: ah11c2 | C10: 99.999783 | D10: 3.4698703e-07 | E10: 0.0008315 | F10: 1.2041595e-06 | G10: 1591.5 | H10: 15 | I10: results of ah11b2 | J10: =C10-C$3 -> 99.999783 | K10: =E10-E$3 -> 0.00080471 | L10: =K10*0.000000001/(2*PI()*J10*G10*0.000000000001) -> 8.0473674e-07 | M10: 100 | N10: =(J10/M10-1)*1000000 -> -2.16874 | O10: =N10+P$1 -> -4.5943
A11: 44746.435 | B11: ah11d2 | C11: 99.999858 | D11: 1.118034e-07 | E11: 0.0009129 | F11: 1.1357817e-06 | G11: 1591.5 | H11: 15 | J11: =C11-C$3 -> 99.999859 | K11: =E11-E$3 -> 0.00088611 | L11: =K11*0.000000001/(2*PI()*J11*G11*0.000000000001) -> 8.8613878e-07 | M11: 100 | N11: =(J11/M11-1)*1000000 -> -1.41464 | O11: =N11+P$1 -> -3.8402
A12: 44746.437 | B12: gr10 | C12: 10.000203 | D12: 9.4339811e-08 | E12: 0.00092472 | F12: 8.0349238e-07 | G12: 1591.5 | H12: 15 | J12: =C12-C$3 -> 10.000203 | K12: =E12-E$3 -> 0.00089793 | L12: =K12*0.000000001/(2*PI()*J12*G12*0.000000000001) -> 8.9793965e-06 | M12: 10 | N12: =(J12/M12-1)*1000000 -> 20.3076 | O12: =N12+P$1 -> 17.88204
A13: 44746.439 | B13: gr100 | C13: 100.0041 | D13: 0 | E13: 0.0084246 | F13: 1.2206556e-06 | G13: 1591.5 | H13: 15 | J13: =C13-C$3 -> 100.0041 | K13: =E13-E$3 -> 0.00839781 | L13: =K13*0.000000001/(2*PI()*J13*G13*0.000000000001) -> 8.3977267e-06 | M13: 100 | N13: =(J13/M13-1)*1000000 -> 40.98086 | O13: =N13+P$1 -> 38.5553
A14: 44746.441 | B14: gr1000a | C14: 1000.0328 | D14: 4.8989795e-06 | E14: 0.190572 | F14: 3.544009e-05 | G14: 1591.5 | H14: 1.5 | J14: =C14-C$3 -> 1000.0328 | K14: =E14-E$3 -> 0.19054521 | L14: =K14*0.000000001/(2*PI()*J14*G14*0.000000000001) -> 1.9054488e-05 | M14: 1000 | N14: =(J14/M14-1)*1000000 -> 32.804086 | O14: =N14+P$1 -> 30.378526
A15: 44746.446 | B15: gr1000b | C15: 1000.0166 | D15: 4e-06 | E15: 0.196023 | F15: 2.4515301e-05 | G15: 1591.5 | H15: 1.5 | J15: =C15-C$3 -> 1000.0166 | K15: =E15-E$3 -> 0.19599621 | L15: =K15*0.000000001/(2*PI()*J15*G15*0.000000000001) -> 1.9599905e-05 | M15: 1000 | N15: =(J15/M15-1)*1000000 -> 16.582086 | O15: =N15+P$1 -> 14.156526
A16: 44746.45 | B16: es13 | C16: 4.9999554 | D16: 8.5702975e-08 | E16: 0.00024887 | F16: 1.0526633e-06 | G16: 1591.5 | H16: 15 | J16: =C16-C$3 -> 4.9999555 | K16: =E16-E$3 -> 0.00022208 | L16: =K16*0.000000001/(2*PI()*J16*G16*0.000000000001) -> 4.4417775e-06 | M16: 5 | N16: =(J16/M16-1)*1000000 -> -8.8978 | O16: =N16+P$1 -> -11.32336
A17: 44746.475 | B17: es16 | C17: 5.0001012 | D17: 4.4721359e-08 | E17: 2.058e-05 | F17: 3.7687664e-06 | G17: 1591.5 | H17: 15 | J17: =C17-C$3 -> 5.0001013 | K17: =E17-E$3 -> -6.21e-06 | L17: =K17*0.000000001/(2*PI()*J17*G17*0.000000000001) -> -1.2420134e-07 | M17: 5 | N17: =(J17/M17-1)*1000000 -> 20.2652 | O17: =N17+P$1 -> 17.83964
A18: 44746.482 | B18: es14 | C18: 0.50005186 | D18: 1.8816216e-07 | E18: 7.469e-05 | F18: 6.4567794e-07 | G18: 1591.5 | H18: 15 | J18: =C18-C$3 -> 0.50005195 | K18: =E18-E$3 -> 4.79e-05 | L18: =K18*0.000000001/(2*PI()*J18*G18*0.000000000001) -> 9.5793022e-06 | M18: 0.5 | N18: =(J18/M18-1)*1000000 -> 103.902 | O18: =N18+P$1 -> 101.47644
A19: 44746.484 | B19: ub1000 | C19: 1000.1565 | D19: 4.5825757e-06 | E19: 0.138402 | F19: 6.2737549e-05 | G19: 1591.5 | H19: 1.5 | I19: S-ball 23.6843 GMH*526 20.74 under UB cap, in oil 23.37 | J19: =C19-C$3 -> 1000.1565 | K19: =E19-E$3 -> 0.13837521 | L19: =K19*0.000000001/(2*PI()*J19*G19*0.000000000001) -> 1.3835785e-05 | M19: 1000 | N19: =(J19/M19-1)*1000000 -> 156.53309 | O19: =N19+P$1 -> 154.10753
A20: 44746.491 | B20: PC1 | C20: 10.0007 | D20: 0.00022941883 | E20: 0.00217 | F20: 0.0003819424 | G20: 1591.5 | H20: 15 | I20: Permuteable Temp 21.5 in oil bath no oil, FCU11 20.87 44.99%RH | J20: =C20-C$3 -> 10.0007 | K20: =E20-E$3 -> 0.00214321 | L20: =K20*0.000000001/(2*PI()*J20*G20*0.000000000001) -> 2.1431265e-05 | M20: 10 | N20: =(J20/M20-1)*1000000 -> 70.0086 | O20: =N20+P$1 -> 67.58304
A21: 44746.494 | B21: PC2 | C21: 10.000289 | D21: 1.6457217e-06 | E21: 0.0020946 | F21: 1.0499429e-05 | G21: 1591.5 | H21: 15 | J21: =C21-C$3 -> 10.000289 | K21: =E21-E$3 -> 0.00206781 | L21: =K21*0.000000001/(2*PI()*J21*G21*0.000000000001) -> 2.0678144e-05 | M21: 10 | N21: =(J21/M21-1)*1000000 -> 28.9426 | O21: =N21+P$1 -> 26.51704
A22: 44746.506 | B22: PC3 | C22: 10.000197 | D22: 5.5865911e-07 | E22: 0.00159847 | F22: 5.1501553e-06 | G22: 1591.5 | H22: 15 | J22: =C22-C$3 -> 10.000197 | K22: =E22-E$3 -> 0.00157168 | L22: =K22*0.000000001/(2*PI()*J22*G22*0.000000000001) -> 1.5716979e-05 | M22: 10 | N22: =(J22/M22-1)*1000000 -> 19.6756 | O22: =N22+P$1 -> 17.25004
A23: 44746.508 | B23: PC4 | C23: 10.000269 | D23: 2.7367864e-07 | E23: 0.00145201 | F23: 2.5590819e-06 | G23: 1591.5 | H23: 15 | J23: =C23-C$3 -> 10.000269 | K23: =E23-E$3 -> 0.00142522 | L23: =K23*0.000000001/(2*PI()*J23*G23*0.000000000001) -> 1.4252259e-05 | M23: 10 | N23: =(J23/M23-1)*1000000 -> 26.9176 | O23: =N23+P$1 -> 24.49204
A24: 44746.511 | B24: PC5 | C24: 10.000057 | D24: 1.8547237e-07 | E24: 0.00136156 | F24: 2.1795412e-06 | G24: 1591.5 | H24: 15 | J24: =C24-C$3 -> 10.000058 | K24: =E24-E$3 -> 0.00133477 | L24: =K24*0.000000001/(2*PI()*J24*G24*0.000000000001) -> 1.3348038e-05 | M24: 10 | N24: =(J24/M24-1)*1000000 -> 5.7546 | O24: =N24+P$1 -> 3.32904
A25: 44746.513 | B25: PC6 | C25: 10.000264 | D25: 1.2964953e-06 | E25: 0.00135008 | F25: 1.084959e-05 | G25: 1591.5 | H25: 15 | J25: =C25-C$3 -> 10.000264 | K25: =E25-E$3 -> 0.00132329 | L25: =K25*0.000000001/(2*PI()*J25*G25*0.000000000001) -> 1.3232961e-05 | M25: 10 | N25: =(J25/M25-1)*1000000 -> 26.4176 | O25: =N25+P$1 -> 23.99204
A26: 44746.514 | B26: PC7 | C26: 10.000376 | D26: 2.9732137e-07 | E26: 0.00124304 | F26: 4.8604938e-06 | G26: 1591.5 | H26: 15 | J26: =C26-C$3 -> 10.000376 | K26: =E26-E$3 -> 0.00121625 | L26: =K26*0.000000001/(2*PI()*J26*G26*0.000000000001) -> 1.216242e-05 | M26: 10 | N26: =(J26/M26-1)*1000000 -> 37.6126 | O26: =N26+P$1 -> 35.18704
A27: 44746.515 | B27: PC8 | C27: 10.000284 | D27: 1.6124516e-07 | E27: 0.001213 | F27: 2.4915858e-06 | G27: 1591.5 | H27: 15 | J27: =C27-C$3 -> 10.000284 | K27: =E27-E$3 -> 0.00118621 | L27: =K27*0.000000001/(2*PI()*J27*G27*0.000000000001) -> 1.1862131e-05 | M27: 10 | N27: =(J27/M27-1)*1000000 -> 28.4286 | O27: =N27+P$1 -> 26.00304
A28: 44746.515 | B28: PC9 | C28: 10.0004 | D28: 1.8330303e-07 | E28: 0.00113696 | F28: 1.3749182e-06 | G28: 1591.5 | H28: 15 | J28: =C28-C$3 -> 10.0004 | K28: =E28-E$3 -> 0.00111017 | L28: =K28*0.000000001/(2*PI()*J28*G28*0.000000000001) -> 1.1101601e-05 | M28: 10 | N28: =(J28/M28-1)*1000000 -> 40.0206 | O28: =N28+P$1 -> 37.59504
A29: 44746.516 | B29: PC10 | C29: 10.000459 | D29: 1.9078784e-07 | E29: 0.00109092 | F29: 1.6642115e-06 | G29: 1591.5 | H29: 15 | J29: =C29-C$3 -> 10.000459 | K29: =E29-E$3 -> 0.00106413 | L29: =K29*0.000000001/(2*PI()*J29*G29*0.000000000001) -> 1.0641142e-05 | M29: 10 | N29: =(J29/M29-1)*1000000 -> 45.9046 | O29: =N29+P$1 -> 43.47904
A30: 44746.517 | B30: PC11 | C30: 10.000266 | D30: 1.9390719e-07 | E30: 0.00107549 | F30: 8.4787971e-07 | G30: 1591.5 | H30: 15 | I30: finishedn, switch back to PC1 | J30: =C30-C$3 -> 10.000266 | K30: =E30-E$3 -> 0.0010487 | L30: =K30*0.000000001/(2*PI()*J30*G30*0.000000000001) -> 1.0487047e-05 | M30: 10 | N30: =(J30/M30-1)*1000000 -> 26.6106 | O30: =N30+P$1 -> 24.18504
C33: 9.9999731 | D33: 1.039038e-07 | E33: -0.00020693 | F33: 7.6295478e-07 | G33: 1591.5 | H33: 15

Sheet AH2700A2022-07-11
A1: av_exp = 10, frequency = 1591.5, no. of samples = 10, settling samples = 2 | J1: zero_corrected | K1: from G:\Shared drives\MSL - Electricity - Ongoing\Farad\Cap_Scale_Sept_2021\compare 2019 2020.xlsx cell AA30 | M1: AH11C1 | N1: -4.2 | O1: correction | P1: =N1 - N6 -> -2.42944
A2: DateTime | B2: Capacitor | C2: Capacitance (pF) | D2: uCap (pF) | E2: Conductance (nS) | F2: uCond (nS) | G2: Frequency (Hz) | H2: Voltage (V) | J2: Capacitance (pF) | K2: Conductance (nS) | L2: tand | M2: nominal C | N2: error | O2: corrected ppm
A3: 44753.363 | B3: zero | C3: -7.4e-08 | D3: 6.81469e-08 | E3: 2.683e-05 | F3: 9.370699e-07 | G3: 1591.5 | H3: 15 | I3: AH11_1: 11.9, -11.7, 31.9, .032, -.016, -.010, .015 | J3: =C3-C$3 -> 0 | K3: =D3-D$3 -> 0 | L3: - | N3: ppm
A4: 44753.367 | B4: ah11a1 | C4: 9.9999755 | D4: 1.039038e-07 | E4: -0.00014518 | F4: 7.9221209e-07 | G4: 1591.5 | H4: 15 | J4: =C4-C$3 -> 9.9999756 | K4: =E4-E$3 -> -0.00017201 | L4: =K4*0.000000001/(2*PI()*J4*G4*0.000000000001) -> -1.7201576e-06 | M4: 10 | N4: =(J4/M4-1)*1000000 -> -2.4384 | O4: =N4+P$1 -> -4.86784
A5: 44753.369 | B5: ah11b1 | C5: 9.9999782 | D5: 7.9555012e-08 | E5: -0.00010813 | F5: 1.2223338e-06 | G5: 1591.5 | H5: 15 | J5: =C5-C$3 -> 9.9999783 | K5: =E5-E$3 -> -0.00013496 | L5: =K5*0.000000001/(2*PI()*J5*G5*0.000000000001) -> -1.3496449e-06 | M5: 10 | N5: =(J5/M5-1)*1000000 -> -2.1727 | O5: =N5+P$1 -> -4.60214
A6: 44753.371 | B6: ah11c1 | C6: 99.999823 | D6: 7.8102498e-08 | E6: 0.0017477 | F6: 1.5524175e-06 | G6: 1591.5 | H6: 15 | J6: =C6-C$3 -> 99.999823 | K6: =E6-E$3 -> 0.00172087 | L6: =K6*0.000000001/(2*PI()*J6*G6*0.000000000001) -> 1.7209265e-06 | M6: 100 | N6: =(J6/M6-1)*1000000 -> -1.77056 | O6: =N6+P$1 -> -4.2
A7: 44753.373 | B7: ah11d1 | C7: 99.999818 | D7: 1.0049876e-07 | E7: 0.0021287 | F7: 9e-07 | G7: 1591.5 | H7: 15 | J7: =C7-C$3 -> 99.999818 | K7: =E7-E$3 -> 0.00210187 | L7: =K7*0.000000001/(2*PI()*J7*G7*0.000000000001) -> 2.1019391e-06 | M7: 100 | N7: =(J7/M7-1)*1000000 -> -1.82056 | O7: =N7+P$1 -> -4.25
A8: 44753.374 | B8: ah11a2 | C8: 9.9999753 | D8: 7.2311825e-08 | E8: -0.00024589 | F8: 9.8025507e-07 | G8: 1591.5 | H8: 15 | I8: AH11_2: 11.8, -11.89, 30.7, .030, -.035, -.001, .018 | J8: =C8-C$3 -> 9.9999753 | K8: =E8-E$3 -> -0.00027272 | L8: =K8*0.000000001/(2*PI()*J8*G8*0.000000000001) -> -2.7272914e-06 | M8: 10 | N8: =(J8/M8-1)*1000000 -> -2.4657 | O8: =N8+P$1 -> -4.89514
A9: 44753.376 | B9: ah11b2 | C9: 9.9999728 | D9: 8.9336443e-08 | E9: -0.00020783 | F9: 1.4276204e-06 | G9: 1591.5 | H9: 15 | J9: =C9-C$3 -> 9.9999729 | K9: =E9-E$3 -> -0.00023466 | L9: =K9*0.000000001/(2*PI()*J9*G9*0.000000000001) -> -2.3466792e-06 | M9: 10 | N9: =(J9/M9-1)*1000000 -> -2.7119 | O9: =N9+P$1 -> -5.14134
A10: 44753.378 | B10: ah11c2 | C10: 99.999783 | D10: 9.4339811e-08 | E10: 0.0008371 | F10: 7e-07 | G10: 1591.5 | H10: 15 | J10: =C10-C$3 -> 99.999783 | K10: =E10-E$3 -> 0.00081027 | L10: =K10*0.000000001/(2*PI()*J10*G10*0.000000000001) -> 8.1029693e-07 | M10: 100 | N10: =(J10/M10-1)*1000000 -> -2.17336 | O10: =N10+P$1 -> -4.6028
A11: 44753.379 | B11: ah11d2 | C11: 99.999858 | D11: 1.0198039e-07 | E11: 0.0009236 | F11: 1.1135529e-06 | G11: 1591.5 | H11: 15 | J11: =C11-C$3 -> 99.999858 | K11: =E11-E$3 -> 0.00089677 | L11: =K11*0.000000001/(2*PI()*J11*G11*0.000000000001) -> 8.9679912e-07 | M11: 100 | N11: =(J11/M11-1)*1000000 -> -1.41566 | O11: =N11+P$1 -> -3.8451
A12: 44753.38 | B12: gr10 | C12: 10.000203 | D12: 9.7979589e-08 | E12: 0.00095518 | F12: 1.0027961e-06 | G12: 1591.5 | H12: 15 | J12: =C12-C$3 -> 10.000203 | K12: =E12-E$3 -> 0.00092835 | L12: =K12*0.000000001/(2*PI()*J12*G12*0.000000000001) -> 9.2835997e-06 | M12: 10 | N12: =(J12/M12-1)*1000000 -> 20.3154 | O12: =N12+P$1 -> 17.88596
A13: 44753.382 | B13: gr100 | C13: 100.0041 | D13: 3e-07 | E13: 0.0088645 | F13: 4.7169906e-06 | G13: 1591.5 | H13: 15 | J13: =C13-C$3 -> 100.0041 | K13: =E13-E$3 -> 0.00883767 | L13: =K13*0.000000001/(2*PI()*J13*G13*0.000000000001) -> 8.837582e-06 | M13: 100 | N13: =(J13/M13-1)*1000000 -> 41.01174 | O13: =N13+P$1 -> 38.5823
A14: 44753.386 | B14: gr1000a | C14: 1000.0329 | D14: 4.8989795e-06 | E14: 0.200868 | F14: 2.7495454e-05 | G14: 1591.5 | H14: 1.5 | J14: =C14-C$3 -> 1000.0329 | K14: =E14-E$3 -> 0.20084117 | L14: =K14*0.000000001/(2*PI()*J14*G14*0.000000000001) -> 2.008408e-05 | M14: 1000 | N14: =(J14/M14-1)*1000000 -> 32.884074 | O14: =N14+P$1 -> 30.454634
A15: 44753.387 | B15: gr1000b | C15: 1000.0166 | D15: 3e-06 | E15: 0.206199 | F15: 3.7e-05 | G15: 1591.5 | H15: 1.5 | J15: =C15-C$3 -> 1000.0166 | K15: =E15-E$3 -> 0.20617217 | L15: =K15*0.000000001/(2*PI()*J15*G15*0.000000000001) -> 2.0617514e-05 | M15: 1000 | N15: =(J15/M15-1)*1000000 -> 16.641074 | O15: =N15+P$1 -> 14.211634
A16: 44753.389 | B16: es13 | C16: 4.9999542 | D16: 7.7485483e-08 | E16: 0.00026106 | F16: 7.7485483e-07 | G16: 1591.5 | H16: 15 | J16: =C16-C$3 -> 4.9999543 | K16: =E16-E$3 -> 0.00023423 | L16: =K16*0.000000001/(2*PI()*J16*G16*0.000000000001) -> 4.6847883e-06 | M16: 5 | N16: =(J16/M16-1)*1000000 -> -9.1364 | O16: =N16+P$1 -> -11.56584
A17: 44753.397 | B17: es16 | C17: 5.0001022 | D17: 1.3820637e-07 | E17: -0.0001539 | F17: 1.394991e-06 | G17: 1591.5 | H17: 15 | I17: Gr inner 23.9990 1028.29mbar | J17: =C17-C$3 -> 5.0001023 | K17: =E17-E$3 -> -0.00018073 | L17: =K17*0.000000001/(2*PI()*J17*G17*0.000000000001) -> -3.6146383e-06 | M17: 5 | N17: =(J17/M17-1)*1000000 -> 20.4642 | O17: =N17+P$1 -> 18.03476
A18: 44753.4 | B18: es14 | C18: 0.50005119 | D18: 8.0802228e-08 | E18: 7.514e-05 | F18: 1.0622617e-06 | G18: 1591.5 | H18: 15 | I18: S-ball 23.6860; GMH*526 21.03 under UB cap, in oil 23.37 | J18: =C18-C$3 -> 0.50005126 | K18: =E18-E$3 -> 4.831e-05 | L18: =K18*0.000000001/(2*PI()*J18*G18*0.000000000001) -> 9.6613095e-06 | M18: 0.5 | N18: =(J18/M18-1)*1000000 -> 102.53 | O18: =N18+P$1 -> 100.10056
A19: 44753.403 | B19: ub1000 | C19: 1000.1577 | D19: 3e-06 | E19: 0.13754 | F19: 3.2863353e-05 | G19: 1591.5 | H19: 1.5 | J19: =C19-C$3 -> 1000.1577 | K19: =E19-E$3 -> 0.13751317 | L19: =K19*0.000000001/(2*PI()*J19*G19*0.000000000001) -> 1.3749576e-05 | M19: 1000 | N19: =(J19/M19-1)*1000000 -> 157.67907 | O19: =N19+P$1 -> 155.24963
A20: 44753.404 | B20: PC1 | C20: 10.000364 | D20: 8.7177979e-08 | E20: 0.0004819 | F20: 1.2743626e-06 | G20: 1591.5 | H20: 15 | I20: Permuteable Temp 21.80 in oil bath no oil, FCU11 21.60c 42.26%RH | J20: =C20-C$3 -> 10.000364 | K20: =E20-E$3 -> 0.00045507 | L20: =K20*0.000000001/(2*PI()*J20*G20*0.000000000001) -> 4.5506756e-06 | M20: 10 | N20: =(J20/M20-1)*1000000 -> 36.4194 | O20: =N20+P$1 -> 33.98996
A21: 44753.406 | B21: PC2 | C21: 10.000106 | D21: 1.4832397e-07 | E21: 0.00048299 | F21: 1.2817566e-06 | G21: 1591.5 | H21: 15 | J21: =C21-C$3 -> 10.000106 | K21: =E21-E$3 -> 0.00045616 | L21: =K21*0.000000001/(2*PI()*J21*G21*0.000000000001) -> 4.5616932e-06 | M21: 10 | N21: =(J21/M21-1)*1000000 -> 10.6274 | O21: =N21+P$1 -> 8.19796
A22: 44753.407 | B22: PC3 | C22: 10.000084 | D22: 1.118034e-07 | E22: 0.00047271 | F22: 9.8127468e-07 | G22: 1591.5 | H22: 15 | J22: =C22-C$3 -> 10.000084 | K22: =E22-E$3 -> 0.00044588 | L22: =K22*0.000000001/(2*PI()*J22*G22*0.000000000001) -> 4.458901e-06 | M22: 10 | N22: =(J22/M22-1)*1000000 -> 8.4124 | O22: =N22+P$1 -> 5.98296
A23: 44753.408 | B23: PC4 | C23: 10.00018 | D23: 9.4339811e-08 | E23: 0.00050545 | F23: 1.5141004e-06 | G23: 1591.5 | H23: 15 | J23: =C23-C$3 -> 10.00018 | K23: =E23-E$3 -> 0.00047862 | L23: =K23*0.000000001/(2*PI()*J23*G23*0.000000000001) -> 4.7862625e-06 | M23: 10 | N23: =(J23/M23-1)*1000000 -> 17.9964 | O23: =N23+P$1 -> 15.56696
A24: 44753.409 | B24: PC5 | C24: 9.9999674 | D24: 1.6664033e-07 | E24: 0.00047476 | F24: 1.5806328e-06 | G24: 1591.5 | H24: 15 | J24: =C24-C$3 -> 9.9999675 | K24: =E24-E$3 -> 0.00044793 | L24: =K24*0.000000001/(2*PI()*J24*G24*0.000000000001) -> 4.4794537e-06 | M24: 10 | N24: =(J24/M24-1)*1000000 -> -3.2535 | O24: =N24+P$1 -> -5.68294
A25: 44753.41 | B25: PC6 | C25: 10.000187 | D25: 1.7435596e-07 | E25: 0.00050621 | F25: 1.3330041e-06 | G25: 1591.5 | H25: 15 | J25: =C25-C$3 -> 10.000187 | K25: =E25-E$3 -> 0.00047938 | L25: =K25*0.000000001/(2*PI()*J25*G25*0.000000000001) -> 4.7938592e-06 | M25: 10 | N25: =(J25/M25-1)*1000000 -> 18.7034 | O25: =N25+P$1 -> 16.27396
A26: 44753.411 | B26: PC7 | C26: 10.000306 | D26: 1.3601471e-07 | E26: 0.00049522 | F26: 7.9974996e-07 | G26: 1591.5 | H26: 15 | J26: =C26-C$3 -> 10.000306 | K26: =E26-E$3 -> 0.00046839 | L26: =K26*0.000000001/(2*PI()*J26*G26*0.000000000001) -> 4.6839023e-06 | M26: 10 | N26: =(J26/M26-1)*1000000 -> 30.5724 | O26: =N26+P$1 -> 28.14296
A27: 44753.412 | B27: PC8 | C27: 10.000218 | D27: 1.6763055e-07 | E27: 0.00049504 | F27: 1.3639648e-06 | G27: 1591.5 | H27: 15 | J27: =C27-C$3 -> 10.000218 | K27: =E27-E$3 -> 0.00046821 | L27: =K27*0.000000001/(2*PI()*J27*G27*0.000000000001) -> 4.6821433e-06 | M27: 10 | N27: =(J27/M27-1)*1000000 -> 21.8204 | O27: =N27+P$1 -> 19.39096
A28: 44753.413 | B28: PC9 | C28: 10.000342 | D28: 1.0198039e-07 | E28: 0.00049656 | F28: 1.3668943e-06 | G28: 1591.5 | H28: 15 | J28: =C28-C$3 -> 10.000342 | K28: =E28-E$3 -> 0.00046973 | L28: =K28*0.000000001/(2*PI()*J28*G28*0.000000000001) -> 4.6972854e-06 | M28: 10 | N28: =(J28/M28-1)*1000000 -> 34.1634 | O28: =N28+P$1 -> 31.73396
A29: 44753.414 | B29: PC10 | C29: 10.0004 | D29: 1.4866069e-07 | E29: 0.00048855 | F29: 1.1137774e-06 | G29: 1591.5 | H29: 15 | J29: =C29-C$3 -> 10.000401 | K29: =E29-E$3 -> 0.00046172 | L29: =K29*0.000000001/(2*PI()*J29*G29*0.000000000001) -> 4.6171585e-06 | M29: 10 | N29: =(J29/M29-1)*1000000 -> 40.0504 | O29: =N29+P$1 -> 37.62096
A30: 44753.415 | B30: PC11 | C30: 10.000211 | D30: 9e-08 | E30: 0.00048511 | F30: 1.4713599e-06 | G30: 1591.5 | H30: 15 | I30: finished switch back to PC1 | J30: =C30-C$3 -> 10.000211 | K30: =E30-E$3 -> 0.00045828 | L30: =K30*0.000000001/(2*PI()*J30*G30*0.000000000001) -> 4.5828457e-06 | M30: 10 | N30: =(J30/M30-1)*1000000 -> 21.0844 | O30: =N30+P$1 -> 18.65496
C33: 9.9999731 | D33: 1.039038e-07 | E33: -0.00020693 | F33: 7.6295478e-07 | G33: 1591.5 | H33: 15

Sheet AH2700A2022-07-25
A1: av_exp = 10, frequency = 1591.5, no. of samples = 10, settling samples = 2 | J1: zero_corrected | K1: from G:\Shared drives\MSL - Electricity - Ongoing\Farad\Cap_Scale_Sept_2021\compare 2019 2020.xlsx cell AA30 | M1: AH11C1 | N1: -4.2 | O1: correction | P1: =N1 - N6 -> -2.42671
A2: DateTime | B2: Capacitor | C2: Capacitance (pF) | D2: uCap (pF) | E2: Conductance (nS) | F2: uCond (nS) | G2: Frequency (Hz) | H2: Voltage (V) | J2: Capacitance (pF) | K2: Conductance (nS) | L2: tand | M2: nominal C | N2: error | O2: corrected ppm
A3: 44767.406 | B3: zero | C3: -1e-09 | D3: 8.3719771e-08 | E3: 2.725e-05 | F3: 5.8694122e-07 | G3: 1591.5 | H3: 15 | I3: AH11_1: 11.9, -11.7, 31.1, .033, -.016, -.011, .016 | J3: =C3-C$3 -> 0 | K3: =D3-D$3 -> 0 | L3: - | N3: ppm
A4: 44767.409 | B4: ah11a1 | C4: 9.9999756 | D4: 1.0476641e-07 | E4: -0.00016344 | F4: 1.1047172e-06 | G4: 1591.5 | H4: 15 | J4: =C4-C$3 -> 9.9999756 | K4: =E4-E$3 -> -0.00019069 | L4: =K4*0.000000001/(2*PI()*J4*G4*0.000000000001) -> -1.9069639e-06 | M4: 10 | N4: =(J4/M4-1)*1000000 -> -2.4371 | O4: =N4+P$1 -> -4.86381
A5: 44767.413 | B5: ah11b1 | C5: 9.9999782 | D5: 8.7658428e-08 | E5: -0.00012323 | F5: 9.066973e-07 | G5: 1591.5 | H5: 15 | J5: =C5-C$3 -> 9.9999782 | K5: =E5-E$3 -> -0.00015048 | L5: =K5*0.000000001/(2*PI()*J5*G5*0.000000000001) -> -1.50485e-06 | M5: 10 | N5: =(J5/M5-1)*1000000 -> -2.1753 | O5: =N5+P$1 -> -4.60201
A6: 44767.415 | B6: ah11c1 | C6: 99.999823 | D6: 1.2688577e-07 | E6: 0.0017365 | F6: 1.2041595e-06 | G6: 1591.5 | H6: 15 | J6: =C6-C$3 -> 99.999823 | K6: =E6-E$3 -> 0.00170925 | L6: =K6*0.000000001/(2*PI()*J6*G6*0.000000000001) -> 1.7093061e-06 | M6: 100 | N6: =(J6/M6-1)*1000000 -> -1.77329 | O6: =N6+P$1 -> -4.2
A7: 44767.425 | B7: ah11d1 | C7: 99.999817 | D7: 1.2e-07 | E7: 0.0021123 | F7: 1.2688578e-06 | G7: 1591.5 | H7: 15 | J7: =C7-C$3 -> 99.999817 | K7: =E7-E$3 -> 0.00208505 | L7: =K7*0.000000001/(2*PI()*J7*G7*0.000000000001) -> 2.0851186e-06 | M7: 100 | N7: =(J7/M7-1)*1000000 -> -1.82939 | O7: =N7+P$1 -> -4.2561
A8: 44767.426 | B8: ah11a2 | C8: 9.9999752 | D8: 1.525418e-07 | E8: -0.00026742 | F8: 6.0959003e-07 | G8: 1591.5 | H8: 15 | I8: AH11_2:11.8, -11.8, -.031, -.039, -.003, .018 | J8: =C8-C$3 -> 9.9999753 | K8: =E8-E$3 -> -0.00029467 | L8: =K8*0.000000001/(2*PI()*J8*G8*0.000000000001) -> -2.9467988e-06 | M8: 10 | N8: =(J8/M8-1)*1000000 -> -2.475 | O8: =N8+P$1 -> -4.90171
A9: 44767.43 | B9: ah11b2 | C9: 9.999973 | D9: 9.6622979e-08 | E9: -0.00022808 | F9: 8.1461647e-07 | G9: 1591.5 | H9: 15 | J9: =C9-C$3 -> 9.999973 | K9: =E9-E$3 -> -0.00025533 | L9: =K9*0.000000001/(2*PI()*J9*G9*0.000000000001) -> -2.5533862e-06 | M9: 10 | N9: =(J9/M9-1)*1000000 -> -2.7001 | O9: =N9+P$1 -> -5.12681
A10: 44767.431 | B10: ah11c2 | C10: 99.999782 | D10: 1.183216e-07 | E10: 0.0008128 | F10: 1.4e-06 | G10: 1591.5 | H10: 15 | J10: =C10-C$3 -> 99.999782 | K10: =E10-E$3 -> 0.00078555 | L10: =K10*0.000000001/(2*PI()*J10*G10*0.000000000001) -> 7.8557611e-07 | M10: 100 | N10: =(J10/M10-1)*1000000 -> -2.17799 | O10: =N10+P$1 -> -4.6047
A11: 44767.432 | B11: ah11d2 | C11: 99.999857 | D11: 9.7979593e-08 | E11: 0.0008966 | F11: 1.2e-06 | G11: 1591.5 | H11: 15 | J11: =C11-C$3 -> 99.999857 | K11: =E11-E$3 -> 0.00086935 | L11: =K11*0.000000001/(2*PI()*J11*G11*0.000000000001) -> 8.6937824e-07 | M11: 100 | N11: =(J11/M11-1)*1000000 -> -1.42619 | O11: =N11+P$1 -> -3.8529
A12: 44767.435 | B12: gr10 | C12: 10.000202 | D12: 1.077033e-07 | E12: 0.00093636 | F12: 9.6457244e-07 | G12: 1591.5 | H12: 15 | I12: GR inner 24.0128 1022.30mbar | J12: =C12-C$3 -> 10.000202 | K12: =E12-E$3 -> 0.00090911 | L12: =K12*0.000000001/(2*PI()*J12*G12*0.000000000001) -> 9.0911989e-06 | M12: 10 | N12: =(J12/M12-1)*1000000 -> 20.1821 | O12: =N12+P$1 -> 17.75539
A13: 44767.437 | B13: gr100 | C13: 100.0041 | D13: 4e-07 | E13: 0.0088367 | F13: 5.2725705e-06 | G13: 1591.5 | H13: 15 | J13: =C13-C$3 -> 100.0041 | K13: =E13-E$3 -> 0.00880945 | L13: =K13*0.000000001/(2*PI()*J13*G13*0.000000000001) -> 8.8093621e-06 | M13: 100 | N13: =(J13/M13-1)*1000000 -> 41.03201 | O13: =N13+P$1 -> 38.6053
A14: 44767.44 | B14: gr1000a | C14: 1000.0329 | D14: 4e-06 | E14: 0.202789 | F14: 0.00010820813 | G14: 1591.5 | H14: 1.5 | J14: =C14-C$3 -> 1000.0329 | K14: =E14-E$3 -> 0.20276175 | L14: =K14*0.000000001/(2*PI()*J14*G14*0.000000000001) -> 2.0276138e-05 | M14: 1000 | N14: =(J14/M14-1)*1000000 -> 32.898001 | O14: =N14+P$1 -> 30.471291
A15: 44767.443 | B15: gr1000b | C15: 1000.0166 | D15: 4e-06 | E15: 0.207618 | F15: 3.7094474e-05 | G15: 1591.5 | H15: 1.5 | J15: =C15-C$3 -> 1000.0166 | K15: =E15-E$3 -> 0.20759075 | L15: =K15*0.000000001/(2*PI()*J15*G15*0.000000000001) -> 2.0759374e-05 | M15: 1000 | N15: =(J15/M15-1)*1000000 -> 16.648001 | O15: =N15+P$1 -> 14.221291
A16: 44767.446 | B16: es13 | C16: 4.9999548 | D16: 3.6180105e-08 | E16: 0.00026053 | F16: 5.2924474e-07 | G16: 1591.5 | H16: 15 | J16: =C16-C$3 -> 4.9999548 | K16: =E16-E$3 -> 0.00023328 | L16: =K16*0.000000001/(2*PI()*J16*G16*0.000000000001) -> 4.6657871e-06 | M16: 5 | N16: =(J16/M16-1)*1000000 -> -9.0456 | O16: =N16+P$1 -> -11.47231
A17: 44767.448 | B17: es16 | C17: 5.0001022 | D17: 1.1137774e-07 | E17: -0.00013413 | F17: 2.0847302e-06 | G17: 1591.5 | H17: 15 | J17: =C17-C$3 -> 5.0001022 | K17: =E17-E$3 -> -0.00016138 | L17: =K17*0.000000001/(2*PI()*J17*G17*0.000000000001) -> -3.2276343e-06 | M17: 5 | N17: =(J17/M17-1)*1000000 -> 20.4452 | O17: =N17+P$1 -> 18.01849
A18: 44767.45 | B18: es14 | C18: 0.50005172 | D18: 9.984488e-08 | E18: 7.708e-05 | F18: 6.5391131e-07 | G18: 1591.5 | H18: 15 | J18: =C18-C$3 -> 0.50005172 | K18: =E18-E$3 -> 4.983e-05 | L18: =K18*0.000000001/(2*PI()*J18*G18*0.000000000001) -> 9.9652787e-06 | M18: 0.5 | N18: =(J18/M18-1)*1000000 -> 103.44 | O18: =N18+P$1 -> 101.01329
A19: 44767.456 | B19: ub1000 | C19: 1000.1522 | D19: 3e-06 | E19: 0.116485 | F19: 1.5e-05 | G19: 1591.5 | H19: 1.5 | I19: S-ball 23.6865; GMH*526(New Bettery) 20.89 under UB Cap, in oil 23.38 | J19: =C19-C$3 -> 1000.1522 | K19: =E19-E$3 -> 0.11645775 | L19: =K19*0.000000001/(2*PI()*J19*G19*0.000000000001) -> 1.1644364e-05 | M19: 1000 | N19: =(J19/M19-1)*1000000 -> 152.211 | O19: =N19+P$1 -> 149.78429
A20: 44767.459 | B20: PC1 | C20: 10.000361 | D20: 1.2041595e-07 | E20: 0.00048559 | F20: 1.4808444e-06 | G20: 1591.5 | H20: 15 | I20: Permuteable Temp 21.50 in oil bath no oil. FCU11 20.80 44.55%RH | J20: =C20-C$3 -> 10.000361 | K20: =E20-E$3 -> 0.00045834 | L20: =K20*0.000000001/(2*PI()*J20*G20*0.000000000001) -> 4.5833767e-06 | M20: 10 | N20: =(J20/M20-1)*1000000 -> 36.1451 | O20: =N20+P$1 -> 33.71839
A21: 44767.463 | B21: PC2 | C21: 10.000101 | D21: 1.1874342e-07 | E21: 0.00048638 | F21: 1.5393505e-06 | G21: 1591.5 | H21: 15 | J21: =C21-C$3 -> 10.000101 | K21: =E21-E$3 -> 0.00045913 | L21: =K21*0.000000001/(2*PI()*J21*G21*0.000000000001) -> 4.5913962e-06 | M21: 10 | N21: =(J21/M21-1)*1000000 -> 10.1131 | O21: =N21+P$1 -> 7.68639
A22: 44767.464 | B22: PC3 | C22: 10.00008 | D22: 1.2845233e-07 | E22: 0.0004752 | F22: 1.1436783e-06 | G22: 1591.5 | H22: 15 | J22: =C22-C$3 -> 10.00008 | K22: =E22-E$3 -> 0.00044795 | L22: =K22*0.000000001/(2*PI()*J22*G22*0.000000000001) -> 4.4796034e-06 | M22: 10 | N22: =(J22/M22-1)*1000000 -> 7.9851 | O22: =N22+P$1 -> 5.55839
A23: 44767.466 | B23: PC4 | C23: 10.000174 | D23: 1.3747727e-07 | E23: 0.00050866 | F23: 1.8380424e-06 | G23: 1591.5 | H23: 15 | J23: =C23-C$3 -> 10.000174 | K23: =E23-E$3 -> 0.00048141 | L23: =K23*0.000000001/(2*PI()*J23*G23*0.000000000001) -> 4.8141658e-06 | M23: 10 | N23: =(J23/M23-1)*1000000 -> 17.3891 | O23: =N23+P$1 -> 14.96239
A24: 44767.467 | B24: PC5 | C24: 9.9999711 | D24: 1.2631706e-07 | E24: 0.00047853 | F24: 8.0131143e-07 | G24: 1591.5 | H24: 15 | J24: =C24-C$3 -> 9.9999711 | K24: =E24-E$3 -> 0.00045128 | L24: =K24*0.000000001/(2*PI()*J24*G24*0.000000000001) -> 4.5129532e-06 | M24: 10 | N24: =(J24/M24-1)*1000000 -> -2.8947 | O24: =N24+P$1 -> -5.32141
A25: 44767.469 | B25: PC6 | C25: 10.00018 | D25: 2.0099751e-07 | E25: 0.00050832 | F25: 1.1931471e-06 | G25: 1591.5 | H25: 15 | J25: =C25-C$3 -> 10.00018 | K25: =E25-E$3 -> 0.00048107 | L25: =K25*0.000000001/(2*PI()*J25*G25*0.000000000001) -> 4.8107627e-06 | M25: 10 | N25: =(J25/M25-1)*1000000 -> 18.0261 | O25: =N25+P$1 -> 15.59939
A26: 44767.469 | B26: PC7 | C26: 10.000303 | D26: 1.118034e-07 | E26: 0.00049698 | F26: 9.2498649e-07 | G26: 1591.5 | H26: 15 | J26: =C26-C$3 -> 10.000303 | K26: =E26-E$3 -> 0.00046973 | L26: =K26*0.000000001/(2*PI()*J26*G26*0.000000000001) -> 4.6973034e-06 | M26: 10 | N26: =(J26/M26-1)*1000000 -> 30.3451 | O26: =N26+P$1 -> 27.91839
A27: 44767.47 | B27: PC8 | C27: 10.000214 | D27: 8.9442719e-08 | E27: 0.00049702 | F27: 9.152049e-07 | G27: 1591.5 | H27: 15 | J27: =C27-C$3 -> 10.000214 | K27: =E27-E$3 -> 0.00046977 | L27: =K27*0.000000001/(2*PI()*J27*G27*0.000000000001) -> 4.6977452e-06 | M27: 10 | N27: =(J27/M27-1)*1000000 -> 21.4401 | O27: =N27+P$1 -> 19.01339
A28: 44767.471 | B28: PC9 | C28: 10.000338 | D28: 1.0198039e-07 | E28: 0.00050058 | F28: 1.4756693e-06 | G28: 1591.5 | H28: 15 | J28: =C28-C$3 -> 10.000338 | K28: =E28-E$3 -> 0.00047333 | L28: =K28*0.000000001/(2*PI()*J28*G28*0.000000000001) -> 4.7332868e-06 | M28: 10 | N28: =(J28/M28-1)*1000000 -> 33.8461 | O28: =N28+P$1 -> 31.41939
A29: 44767.472 | B29: PC10 | C29: 10.000402 | D29: 1.356466e-07 | E29: 0.00049234 | F29: 1.4437451e-06 | G29: 1591.5 | H29: 15 | J29: =C29-C$3 -> 10.000402 | K29: =E29-E$3 -> 0.00046509 | L29: =K29*0.000000001/(2*PI()*J29*G29*0.000000000001) -> 4.6508574e-06 | M29: 10 | N29: =(J29/M29-1)*1000000 -> 40.2141 | O29: =N29+P$1 -> 37.78739
A30: 44767.474 | B30: PC11 | C30: 10.00021 | D30: 1.3453624e-07 | E30: 0.00048682 | F30: 1.1522153e-06 | G30: 1591.5 | H30: 15 | I30: Finished @ 11:22. Switched back to PC1 Clear the AH2700 Reading... | J30: =C30-C$3 -> 10.00021 | K30: =E30-E$3 -> 0.00045957 | L30: =K30*0.000000001/(2*PI()*J30*G30*0.000000000001) -> 4.5957462e-06 | M30: 10 | N30: =(J30/M30-1)*1000000 -> 21.0031 | O30: =N30+P$1 -> 18.57639
C33: 9.9999731 | D33: 1.039038e-07 | E33: -0.00020693 | F33: 7.6295478e-07 | G33: 1591.5 | H33: 15

Sheet AH2700A2022-08-01
A1: av_exp = 10, frequency = 1591.5, no. of samples = 10, settling samples = 2 | J1: zero_corrected | K1: from G:\Shared drives\MSL - Electricity - Ongoing\Farad\Cap_Scale_Sept_2021\compare 2019 2020.xlsx cell AA30 | M1: AH11C1 | N1: -4.2 | O1: correction | P1: =N1 - N6 -> -2.42285
A2: DateTime | B2: Capacitor | C2: Capacitance (pF) | D2: uCap (pF) | E2: Conductance (nS) | F2: uCond (nS) | G2: Frequency (Hz) | H2: Voltage (V) | J2: Capacitance (pF) | K2: Conductance (nS) | L2: tand | M2: nominal C | N2: error | O2: corrected ppm
A3: 44774.448 | B3: zero | C3: -1.65e-07 | D3: 6.6068147e-08 | E3: 2.9e-05 | F3: 6.7527772e-07 | G3: 1591.5 | H3: 15 | I3: AH11_1: 11.9, -11.7, 31.0, .033, -.016, -.012, .016 | J3: =C3-C$3 -> 0 | K3: =D3-D$3 -> 0 | L3: - | N3: ppm
A4: 44774.452 | B4: ah11a1 | C4: 9.9999758 | D4: 9.610411e-08 | E4: -0.00015615 | F4: 4.5880279e-07 | G4: 1591.5 | H4: 15 | J4: =C4-C$3 -> 9.999976 | K4: =E4-E$3 -> -0.00018515 | L4: =K4*0.000000001/(2*PI()*J4*G4*0.000000000001) -> -1.851562e-06 | M4: 10 | N4: =(J4/M4-1)*1000000 -> -2.4007 | O4: =N4+P$1 -> -4.82355
A5: 44774.454 | B5: ah11b1 | C5: 9.9999784 | D5: 5.5865911e-08 | E5: -0.00012537 | F5: 7.7852424e-07 | G5: 1591.5 | H5: 15 | J5: =C5-C$3 -> 9.9999786 | K5: =E5-E$3 -> -0.00015437 | L5: =K5*0.000000001/(2*PI()*J5*G5*0.000000000001) -> -1.5437512e-06 | M5: 10 | N5: =(J5/M5-1)*1000000 -> -2.1398 | O5: =N5+P$1 -> -4.56265
A6: 44774.455 | B6: ah11c1 | C6: 99.999822 | D6: 7.4833148e-08 | E6: 0.00172 | F6: 1.4142136e-06 | G6: 1591.5 | H6: 15 | J6: =C6-C$3 -> 99.999822 | K6: =E6-E$3 -> 0.001691 | L6: =K6*0.000000001/(2*PI()*J6*G6*0.000000000001) -> 1.6910555e-06 | M6: 100 | N6: =(J6/M6-1)*1000000 -> -1.77715 | O6: =N6+P$1 -> -4.2
A7: 44774.456 | B7: ah11d1 | C7: 99.999818 | D7: 9.0000001e-08 | E7: 0.0020946 | F7: 1.4282857e-06 | G7: 1591.5 | H7: 15 | I7: AH11_2:11.8, -11.8, 30.3, -.032, -.040, -.004, .018 | J7: =C7-C$3 -> 99.999818 | K7: =E7-E$3 -> 0.0020656 | L7: =K7*0.000000001/(2*PI()*J7*G7*0.000000000001) -> 2.0656679e-06 | M7: 100 | N7: =(J7/M7-1)*1000000 -> -1.82005 | O7: =N7+P$1 -> -4.2429
A8: 44774.458 | B8: ah11a2 | C8: 9.9999755 | D8: 5.1662366e-08 | E8: -0.00028 | F8: 1.003992e-06 | G8: 1591.5 | H8: 15 | J8: =C8-C$3 -> 9.9999757 | K8: =E8-E$3 -> -0.000309 | L8: =K8*0.000000001/(2*PI()*J8*G8*0.000000000001) -> -3.0901035e-06 | M8: 10 | N8: =(J8/M8-1)*1000000 -> -2.4306 | O8: =N8+P$1 -> -4.85345
A9: 44774.459 | B9: ah11b2 | C9: 9.9999733 | D9: 9.5441081e-08 | E9: -0.00024175 | F9: 1.1253888e-06 | G9: 1591.5 | H9: 15 | J9: =C9-C$3 -> 9.9999734 | K9: =E9-E$3 -> -0.00027075 | L9: =K9*0.000000001/(2*PI()*J9*G9*0.000000000001) -> -2.7075913e-06 | M9: 10 | N9: =(J9/M9-1)*1000000 -> -2.6584 | O9: =N9+P$1 -> -5.08125
A10: 44774.46 | B10: ah11c2 | C10: 99.999782 | D10: 9.1651511e-08 | E10: 0.0007967 | F10: 1.1e-06 | G10: 1591.5 | H10: 15 | J10: =C10-C$3 -> 99.999783 | K10: =E10-E$3 -> 0.0007677 | L10: =K10*0.000000001/(2*PI()*J10*G10*0.000000000001) -> 7.6772551e-07 | M10: 100 | N10: =(J10/M10-1)*1000000 -> -2.17395 | O10: =N10+P$1 -> -4.5968
A11: 44774.463 | B11: ah11d2 | C11: 99.999858 | D11: 1.1135529e-07 | E11: 0.0008796 | F11: 1.2806248e-06 | G11: 1591.5 | H11: 15 | I11: GR inner 24.1065, 1022.16mbar | J11: =C11-C$3 -> 99.999858 | K11: =E11-E$3 -> 0.0008506 | L11: =K11*0.000000001/(2*PI()*J11*G11*0.000000000001) -> 8.5062763e-07 | M11: 100 | N11: =(J11/M11-1)*1000000 -> -1.41975 | O11: =N11+P$1 -> -3.8426
A12: 44774.465 | B12: gr10 | C12: 10.000203 | D12: 1.2489996e-07 | E12: 0.00094339 | F12: 5.2239832e-07 | G12: 1591.5 | H12: 15 | J12: =C12-C$3 -> 10.000203 | K12: =E12-E$3 -> 0.00091439 | L12: =K12*0.000000001/(2*PI()*J12*G12*0.000000000001) -> 9.1439984e-06 | M12: 10 | N12: =(J12/M12-1)*1000000 -> 20.2945 | O12: =N12+P$1 -> 17.87165
A13: 44774.469 | B13: gr100 | C13: 100.0041 | D13: 0 | E13: 0.0089674 | F13: 3.5510562e-06 | G13: 1591.5 | H13: 15 | J13: =C13-C$3 -> 100.00411 | K13: =E13-E$3 -> 0.0089384 | L13: =K13*0.000000001/(2*PI()*J13*G13*0.000000000001) -> 8.9383107e-06 | M13: 100 | N13: =(J13/M13-1)*1000000 -> 41.05165 | O13: =N13+P$1 -> 38.6288
A14: 44774.471 | B14: gr1000a | C14: 1000.0329 | D14: 3e-06 | E14: 0.203588 | F14: 3.2496154e-05 | G14: 1591.5 | H14: 1.5 | J14: =C14-C$3 -> 1000.0329 | K14: =E14-E$3 -> 0.203559 | L14: =K14*0.000000001/(2*PI()*J14*G14*0.000000000001) -> 2.0355862e-05 | M14: 1000 | N14: =(J14/M14-1)*1000000 -> 32.909165 | O14: =N14+P$1 -> 30.486315
A15: 44774.474 | B15: gr1000b | C15: 1000.0167 | D15: 4.5825757e-06 | E15: 0.208715 | F15: 3.2015621e-05 | G15: 1591.5 | H15: 1.5 | J15: =C15-C$3 -> 1000.0167 | K15: =E15-E$3 -> 0.208686 | L15: =K15*0.000000001/(2*PI()*J15*G15*0.000000000001) -> 2.0868901e-05 | M15: 1000 | N15: =(J15/M15-1)*1000000 -> 16.653165 | O15: =N15+P$1 -> 14.230315
A16: 44774.476 | B16: es13 | C16: 4.9999553 | D16: 8.9938868e-08 | E16: 0.00026273 | F16: 4.6054316e-07 | G16: 1591.5 | H16: 15 | J16: =C16-C$3 -> 4.9999554 | K16: =E16-E$3 -> 0.00023373 | L16: =K16*0.000000001/(2*PI()*J16*G16*0.000000000001) -> 4.6747869e-06 | M16: 5 | N16: =(J16/M16-1)*1000000 -> -8.9148 | O16: =N16+P$1 -> -11.33765
A17: 44774.479 | B17: es16 | C17: 5.0001028 | D17: 8.9330846e-08 | E17: -0.00017853 | F17: 2.1679714e-06 | G17: 1591.5 | H17: 15 | J17: =C17-C$3 -> 5.000103 | K17: =E17-E$3 -> -0.00020753 | L17: =K17*0.000000001/(2*PI()*J17*G17*0.000000000001) -> -4.1506434e-06 | M17: 5 | N17: =(J17/M17-1)*1000000 -> 20.591 | O17: =N17+P$1 -> 18.16815
A18: 44774.487 | B18: es14 | C18: 0.50005175 | D18: 8.4029757e-08 | E18: 7.542e-05 | F18: 6.8818602e-07 | G18: 1591.5 | H18: 15 | I18: S_ball 23.7800, GMH*526 20.86 under UB, 23.37 in Oil | J18: =C18-C$3 -> 0.50005191 | K18: =E18-E$3 -> 4.642e-05 | L18: =K18*0.000000001/(2*PI()*J18*G18*0.000000000001) -> 9.2833245e-06 | M18: 0.5 | N18: =(J18/M18-1)*1000000 -> 103.824 | O18: =N18+P$1 -> 101.40115
A19: 44774.489 | B19: ub1000 | C19: 1000.1536 | D19: 5.3851648e-06 | E19: 0.110883 | F19: 3.5510562e-05 | G19: 1591.5 | H19: 1.5 | J19: =C19-C$3 -> 1000.1536 | K19: =E19-E$3 -> 0.110854 | L19: =K19*0.000000001/(2*PI()*J19*G19*0.000000000001) -> 1.1084042e-05 | M19: 1000 | N19: =(J19/M19-1)*1000000 -> 153.60116 | O19: =N19+P$1 -> 151.17831
A20: 44774.494 | B20: PC1 | C20: 10.000362 | D20: 9.7979589e-08 | E20: 0.0004898 | F20: 1.6571059e-06 | G20: 1591.5 | H20: 15 | J20: =C20-C$3 -> 10.000362 | K20: =E20-E$3 -> 0.0004608 | L20: =K20*0.000000001/(2*PI()*J20*G20*0.000000000001) -> 4.6079764e-06 | M20: 10 | N20: =(J20/M20-1)*1000000 -> 36.1785 | O20: =N20+P$1 -> 33.75565
A21: 44774.496 | B21: PC2 | C21: 10.000102 | D21: 1.4696938e-07 | E21: 0.00049002 | F21: 1.4558846e-06 | G21: 1591.5 | H21: 15 | I21: Permuteable Temp 21.62 in oil bath no oil. FCU11 20.91 43.24%RH at 11:55am | J21: =C21-C$3 -> 10.000102 | K21: =E21-E$3 -> 0.00046102 | L21: =K21*0.000000001/(2*PI()*J21*G21*0.000000000001) -> 4.6102963e-06 | M21: 10 | N21: =(J21/M21-1)*1000000 -> 10.1685 | O21: =N21+P$1 -> 7.74565
A22: 44774.498 | B22: PC3 | C22: 10.00008 | D22: 1.2206556e-07 | E22: 0.00048128 | F22: 1.1805084e-06 | G22: 1591.5 | H22: 15 | J22: =C22-C$3 -> 10.00008 | K22: =E22-E$3 -> 0.00045228 | L22: =K22*0.000000001/(2*PI()*J22*G22*0.000000000001) -> 4.5229041e-06 | M22: 10 | N22: =(J22/M22-1)*1000000 -> 8.0475 | O22: =N22+P$1 -> 5.62465
A23: 44774.5 | B23: PC4 | C23: 10.000174 | D23: 1.4696938e-07 | E23: 0.00051196 | F23: 1.3047605e-06 | G23: 1591.5 | H23: 15 | J23: =C23-C$3 -> 10.000175 | K23: =E23-E$3 -> 0.00048296 | L23: =K23*0.000000001/(2*PI()*J23*G23*0.000000000001) -> 4.8296657e-06 | M23: 10 | N23: =(J23/M23-1)*1000000 -> 17.4545 | O23: =N23+P$1 -> 15.03165
A24: 44774.503 | B24: PC5 | C24: 9.9999699 | D24: 7.5239617e-08 | E24: 0.00048135 | F24: 1.2411688e-06 | G24: 1591.5 | H24: 15 | J24: =C24-C$3 -> 9.9999701 | K24: =E24-E$3 -> 0.00045235 | L24: =K24*0.000000001/(2*PI()*J24*G24*0.000000000001) -> 4.523654e-06 | M24: 10 | N24: =(J24/M24-1)*1000000 -> -2.9922 | O24: =N24+P$1 -> -5.41505
A25: 44774.504 | B25: PC6 | C25: 10.000181 | D25: 8.0622577e-08 | E25: 0.0005111 | F25: 2.0847062e-06 | G25: 1591.5 | H25: 15 | J25: =C25-C$3 -> 10.000181 | K25: =E25-E$3 -> 0.0004821 | L25: =K25*0.000000001/(2*PI()*J25*G25*0.000000000001) -> 4.8210625e-06 | M25: 10 | N25: =(J25/M25-1)*1000000 -> 18.1015 | O25: =N25+P$1 -> 15.67865
A26: 44774.505 | B26: PC7 | C26: 10.000304 | D26: 8.9442719e-08 | E26: 0.00049994 | F26: 1.2713772e-06 | G26: 1591.5 | H26: 15 | J26: =C26-C$3 -> 10.000304 | K26: =E26-E$3 -> 0.00047094 | L26: =K26*0.000000001/(2*PI()*J26*G26*0.000000000001) -> 4.7094032e-06 | M26: 10 | N26: =(J26/M26-1)*1000000 -> 30.3865 | O26: =N26+P$1 -> 27.96365
A27: 44774.506 | B27: PC8 | C27: 10.000215 | D27: 1.2206556e-07 | E27: 0.00050035 | F27: 1.0556988e-06 | G27: 1591.5 | H27: 15 | J27: =C27-C$3 -> 10.000215 | K27: =E27-E$3 -> 0.00047135 | L27: =K27*0.000000001/(2*PI()*J27*G27*0.000000000001) -> 4.7135451e-06 | M27: 10 | N27: =(J27/M27-1)*1000000 -> 21.4955 | O27: =N27+P$1 -> 19.07265
A28: 44774.507 | B28: PC9 | C28: 10.000339 | D28: 1.4866069e-07 | E28: 0.00050668 | F28: 1.370985e-06 | G28: 1591.5 | H28: 15 | J28: =C28-C$3 -> 10.000339 | K28: =E28-E$3 -> 0.00047768 | L28: =K28*0.000000001/(2*PI()*J28*G28*0.000000000001) -> 4.7767864e-06 | M28: 10 | N28: =(J28/M28-1)*1000000 -> 33.8995 | O28: =N28+P$1 -> 31.47665
A29: 44774.508 | B29: PC10 | C29: 10.000402 | D29: 1.1135529e-07 | E29: 0.00049537 | F29: 1.0890822e-06 | G29: 1591.5 | H29: 15 | J29: =C29-C$3 -> 10.000402 | K29: =E29-E$3 -> 0.00046637 | L29: =K29*0.000000001/(2*PI()*J29*G29*0.000000000001) -> 4.6636575e-06 | M29: 10 | N29: =(J29/M29-1)*1000000 -> 40.1825 | O29: =N29+P$1 -> 37.75965
A30: 44774.509 | B30: PC11 | C30: 10.00021 | D30: 1.0049876e-07 | E30: 0.00049132 | F30: 1.2592061e-06 | G30: 1591.5 | H30: 15 | I30: Finished @ 12:14pm. Switched back to PC1 Clear the AH2700 Reading... | J30: =C30-C$3 -> 10.00021 | K30: =E30-E$3 -> 0.00046232 | L30: =K30*0.000000001/(2*PI()*J30*G30*0.000000000001) -> 4.6232464e-06 | M30: 10 | N30: =(J30/M30-1)*1000000 -> 21.0135 | O30: =N30+P$1 -> 18.59065
C33: 9.9999731 | D33: 1.039038e-07 | E33: -0.00020693 | F33: 7.6295478e-07 | G33: 1591.5 | H33: 15

Sheet AH2700A2022-09-23
A1: av_exp = 10, frequency = 1591.5, no. of samples = 10, settling samples = 2 | J1: zero_corrected | K1: from G:\Shared drives\MSL - Electricity - Ongoing\Farad\Cap_Scale_Sept_2021\compare 2019 2020.xlsx cell AA30 | M1: AH11C1 | N1: -4.2 | O1: correction | P1: =N1 - N6 -> -2.42289
A2: DateTime | B2: Capacitor | C2: Capacitance (pF) | D2: uCap (pF) | E2: Conductance (nS) | F2: uCond (nS) | G2: Frequency (Hz) | H2: Voltage (V) | J2: Capacitance (pF) | K2: Conductance (nS) | L2: tand | M2: nominal C | N2: error | O2: corrected ppm
A3: 44827.023 | B3: zero | C3: -7.9e-08 | D3: 6.27e-08 | E3: 2.76e-05 | F3: 7.34e-07 | G3: 1591.5 | H3: 15 | I3: AH11_1: 11.9, -11.7, 30.9, .033, -.016, -.011, .016 | J3: =C3-C$3 -> 0 | K3: =D3-D$3 -> 0 | L3: - | N3: ppm
A4: 44827.026 | B4: ah11a1 | C4: 9.9999757 | D4: 7.82e-08 | E4: -0.00016053 | F4: 1.18e-06 | G4: 1591.5 | H4: 15 | J4: =C4-C$3 -> 9.9999757 | K4: =E4-E$3 -> -0.00018813 | L4: =K4*0.000000001/(2*PI()*J4*G4*0.000000000001) -> -1.881363e-06 | M4: 10 | N4: =(J4/M4-1)*1000000 -> -2.4251 | O4: =N4+P$1 -> -4.84799
A5: 44827.028 | B5: ah11b1 | C5: 9.9999782 | D5: 6.79e-08 | E5: -0.00015169 | F5: 9.05e-07 | G5: 1591.5 | H5: 15 | J5: =C5-C$3 -> 9.9999783 | K5: =E5-E$3 -> -0.00017929 | L5: =K5*0.000000001/(2*PI()*J5*G5*0.000000000001) -> -1.7929596e-06 | M5: 10 | N5: =(J5/M5-1)*1000000 -> -2.1732 | O5: =N5+P$1 -> -4.59609
A6: 44827.029 | B6: ah11c1 | C6: 99.999822 | D6: 5.39e-08 | E6: 0.0017413 | F6: 6.4e-07 | G6: 1591.5 | H6: 15 | J6: =C6-C$3 -> 99.999822 | K6: =E6-E$3 -> 0.0017137 | L6: =K6*0.000000001/(2*PI()*J6*G6*0.000000000001) -> 1.7137563e-06 | M6: 100 | N6: =(J6/M6-1)*1000000 -> -1.77711 | O6: =N6+P$1 -> -4.2
A7: 44827.031 | B7: ah11d1 | C7: 99.999818 | D7: 7.48e-08 | E7: 0.002116 | F7: 6.32e-07 | G7: 1591.5 | H7: 15 | J7: =C7-C$3 -> 99.999818 | K7: =E7-E$3 -> 0.0020884 | L7: =K7*0.000000001/(2*PI()*J7*G7*0.000000000001) -> 2.0884687e-06 | M7: 100 | N7: =(J7/M7-1)*1000000 -> -1.81541 | O7: =N7+P$1 -> -4.2383
A8: 44827.032 | B8: ah11a2 | C8: 9.9999755 | D8: 8.4e-08 | E8: -0.00027267 | F8: 1.07e-06 | G8: 1591.5 | H8: 15 | J8: =C8-C$3 -> 9.9999756 | K8: =E8-E$3 -> -0.00030027 | L8: =K8*0.000000001/(2*PI()*J8*G8*0.000000000001) -> -3.0028006e-06 | M8: 10 | N8: =(J8/M8-1)*1000000 -> -2.4441 | O8: =N8+P$1 -> -4.86699
A9: 44827.033 | B9: ah11b2 | C9: 9.9999732 | D9: 5.98e-08 | E9: -0.00023456 | F9: 8.87e-07 | G9: 1591.5 | H9: 15 | J9: =C9-C$3 -> 9.9999733 | K9: =E9-E$3 -> -0.00026216 | L9: =K9*0.000000001/(2*PI()*J9*G9*0.000000000001) -> -2.6216884e-06 | M9: 10 | N9: =(J9/M9-1)*1000000 -> -2.6738 | O9: =N9+P$1 -> -5.09669
A10: 44827.035 | B10: ah11c2 | C10: 99.999783 | D10: 7e-08 | E10: 0.0008078 | F10: 1.25e-06 | G10: 1591.5 | H10: 15 | I10: AH11_2: 11.8, -11.9, 30.1, -.033, -.043, -.005, .018 | J10: =C10-C$3 -> 99.999783 | K10: =E10-E$3 -> 0.0007802 | L10: =K10*0.000000001/(2*PI()*J10*G10*0.000000000001) -> 7.8022592e-07 | M10: 100 | N10: =(J10/M10-1)*1000000 -> -2.16631 | O10: =N10+P$1 -> -4.5892
A11: 44827.037 | B11: ah11d2 | C11: 99.999861 | D11: 1.34e-07 | E11: 0.0008966 | F11: 8e-07 | G11: 1591.5 | H11: 15 | J11: =C11-C$3 -> 99.999861 | K11: =E11-E$3 -> 0.000869 | L11: =K11*0.000000001/(2*PI()*J11*G11*0.000000000001) -> 8.690282e-07 | M11: 100 | N11: =(J11/M11-1)*1000000 -> -1.39221 | O11: =N11+P$1 -> -3.8151
A12: 44827.038 | B12: gr10 | C12: 10.000191 | D12: 1.26e-07 | E12: 0.00093299 | F12: 1.24e-06 | G12: 1591.5 | H12: 15 | J12: =C12-C$3 -> 10.000191 | K12: =E12-E$3 -> 0.00090539 | L12: =K12*0.000000001/(2*PI()*J12*G12*0.000000000001) -> 9.054008e-06 | M12: 10 | N12: =(J12/M12-1)*1000000 -> 19.1279 | O12: =N12+P$1 -> 16.70501
A13: 44827.04 | B13: gr100 | C13: 100.00407 | D13: 1.42e-14 | E13: 0.0090159 | F13: 6.58e-06 | G13: 1591.5 | H13: 15 | I13: GR inner 23.9108 1020.69mbar | J13: =C13-C$3 -> 100.00407 | K13: =E13-E$3 -> 0.0089883 | L13: =K13*0.000000001/(2*PI()*J13*G13*0.000000000001) -> 8.9882136e-06 | M13: 100 | N13: =(J13/M13-1)*1000000 -> 40.67079 | O13: =N13+P$1 -> 38.2479
A14: 44827.001 | B14: gr1000a | C14: 1000.0326 | D14: 4.9e-06 | E14: 0.203406 | F14: 2.33e-05 | G14: 1591.5 | H14: 1.5 | J14: =C14-C$3 -> 1000.0326 | K14: =E14-E$3 -> 0.2033784 | L14: =K14*0.000000001/(2*PI()*J14*G14*0.000000000001) -> 2.0337808e-05 | M14: 1000 | N14: =(J14/M14-1)*1000000 -> 32.624079 | O14: =N14+P$1 -> 30.201189
A15: 44827.003 | B15: gr1000b | C15: 1000.0071 | D15: 0.000254362 | E15: 0.213636 | F15: 0.000217679 | G15: 1591.5 | H15: 1.5 | J15: =C15-C$3 -> 1000.0071 | K15: =E15-E$3 -> 0.2136084 | L15: =K15*0.000000001/(2*PI()*J15*G15*0.000000000001) -> 2.1361352e-05 | M15: 1000 | N15: =(J15/M15-1)*1000000 -> 7.070079 | O15: =N15+P$1 -> 4.647189
A16: 44827.025 | B16: es13 | C16: 4.9999552 | D16: 8.53e-08 | E16: 0.00026299 | F16: 6.19e-07 | G16: 1591.5 | H16: 15 | I16: S-ball 23.6865; GMH*526(New Bettery) 20.89 under UB Cap, in oil 23.38 | J16: =C16-C$3 -> 4.9999553 | K16: =E16-E$3 -> 0.00023539 | L16: =K16*0.000000001/(2*PI()*J16*G16*0.000000000001) -> 4.7079883e-06 | M16: 5 | N16: =(J16/M16-1)*1000000 -> -8.9468 | O16: =N16+P$1 -> -11.36969
A17: 44827.027 | B17: es16 | C17: 5.0001033 | D17: 7.38e-08 | E17: -0.00011664 | F17: 2.46e-06 | G17: 1591.5 | H17: 15 | I17: incorrect reading and notes above, Real one is S-ball 23.6865; GMH*526(New Bettery) 20.89 under UB Cap, in oil 23.38 | J17: =C17-C$3 -> 5.0001034 | K17: =E17-E$3 -> -0.00014424 | L17: =K17*0.000000001/(2*PI()*J17*G17*0.000000000001) -> -2.88483e-06 | M17: 5 | N17: =(J17/M17-1)*1000000 -> 20.6704 | O17: =N17+P$1 -> 18.24751
A18: 44827.029 | B18: es14 | C18: 0.50005156 | D18: 9.45e-08 | E18: 7.73e-05 | F18: 8.06e-07 | G18: 1591.5 | H18: 15 | I18: All two above notes were NOT right, shall be S-ball 23.7825; GMH*526 20.90 under UB Cap, in oil 23.33 | J18: =C18-C$3 -> 0.50005164 | K18: =E18-E$3 -> 4.97e-05 | L18: =K18*0.000000001/(2*PI()*J18*G18*0.000000000001) -> 9.9392823e-06 | M18: 0.5 | N18: =(J18/M18-1)*1000000 -> 103.272 | O18: =N18+P$1 -> 100.84911
A19: 44827.032 | B19: ub1000 | C19: 1000.1517 | D19: 4.58e-06 | E19: 0.109325 | F19: 4.88e-05 | G19: 1591.5 | H19: 1.5 | J19: =C19-C$3 -> 1000.1517 | K19: =E19-E$3 -> 0.1092974 | L19: =K19*0.000000001/(2*PI()*J19*G19*0.000000000001) -> 1.0928421e-05 | M19: 1000 | N19: =(J19/M19-1)*1000000 -> 151.73308 | O19: =N19+P$1 -> 149.31019
A20: 44827.034 | B20: PC1 | C20: 10.000355 | D20: 1.41e-07 | E20: 0.00048518 | F20: 1.53e-06 | G20: 1591.5 | H20: 15 | I20: Permuteable Temp 21.69 in oil bath no oil. FCU11 20.82 48.12%RH | J20: =C20-C$3 -> 10.000355 | K20: =E20-E$3 -> 0.00045758 | L20: =K20*0.000000001/(2*PI()*J20*G20*0.000000000001) -> 4.5757796e-06 | M20: 10 | N20: =(J20/M20-1)*1000000 -> 35.5079 | O20: =N20+P$1 -> 33.08501
A21: 44827.037 | B21: PC2 | C21: 10.000097 | D21: 1.36e-07 | E21: 0.0004863 | F21: 1.27e-06 | G21: 1591.5 | H21: 15 | J21: =C21-C$3 -> 10.000097 | K21: =E21-E$3 -> 0.0004587 | L21: =K21*0.000000001/(2*PI()*J21*G21*0.000000000001) -> 4.5870981e-06 | M21: 10 | N21: =(J21/M21-1)*1000000 -> 9.6639 | O21: =N21+P$1 -> 7.24101
A22: 44827.039 | B22: PC3 | C22: 10.000074 | D22: 6.63e-08 | E22: 0.00047272 | F22: 1.36e-06 | G22: 1591.5 | H22: 15 | J22: =C22-C$3 -> 10.000074 | K22: =E22-E$3 -> 0.00044512 | L22: =K22*0.000000001/(2*PI()*J22*G22*0.000000000001) -> 4.4513052e-06 | M22: 10 | N22: =(J22/M22-1)*1000000 -> 7.4139 | O22: =N22+P$1 -> 4.99101
A23: 44827.042 | B23: PC4 | C23: 10.00017 | D23: 1.08e-07 | E23: 0.00050593 | F23: 1.18e-06 | G23: 1591.5 | H23: 15 | J23: =C23-C$3 -> 10.00017 | K23: =E23-E$3 -> 0.00047833 | L23: =K23*0.000000001/(2*PI()*J23*G23*0.000000000001) -> 4.7833673e-06 | M23: 10 | N23: =(J23/M23-1)*1000000 -> 16.9899 | O23: =N23+P$1 -> 14.56701
A24: 44827.001 | B24: PC5 | C24: 9.9999632 | D24: 1.26e-07 | E24: 0.00047674 | F24: 1.59e-06 | G24: 1591.5 | H24: 15 | J24: =C24-C$3 -> 9.9999633 | K24: =E24-E$3 -> 0.00044914 | L24: =K24*0.000000001/(2*PI()*J24*G24*0.000000000001) -> 4.491556e-06 | M24: 10 | N24: =(J24/M24-1)*1000000 -> -3.6736 | O24: =N24+P$1 -> -6.09649
A25: 44827.003 | B25: PC6 | C25: 10.000177 | D25: 1.26e-07 | E25: 0.00050601 | F25: 1.35e-06 | G25: 1591.5 | H25: 15 | J25: =C25-C$3 -> 10.000177 | K25: =E25-E$3 -> 0.00047841 | L25: =K25*0.000000001/(2*PI()*J25*G25*0.000000000001) -> 4.7841641e-06 | M25: 10 | N25: =(J25/M25-1)*1000000 -> 17.6679 | O25: =N25+P$1 -> 15.24501
A26: 44827.004 | B26: PC7 | C26: 10.000297 | D26: 1e-07 | E26: 0.00049776 | F26: 7.7e-07 | G26: 1591.5 | H26: 15 | J26: =C26-C$3 -> 10.000297 | K26: =E26-E$3 -> 0.00047016 | L26: =K26*0.000000001/(2*PI()*J26*G26*0.000000000001) -> 4.7016064e-06 | M26: 10 | N26: =(J26/M26-1)*1000000 -> 29.7079 | O26: =N26+P$1 -> 27.28501
A27: 44827.006 | B27: PC8 | C27: 10.000209 | D27: 1.6e-07 | E27: 0.00049458 | F27: 1.6e-06 | G27: 1591.5 | H27: 15 | J27: =C27-C$3 -> 10.000209 | K27: =E27-E$3 -> 0.00046698 | L27: =K27*0.000000001/(2*PI()*J27*G27*0.000000000001) -> 4.6698473e-06 | M27: 10 | N27: =(J27/M27-1)*1000000 -> 20.9399 | O27: =N27+P$1 -> 18.51701
A28: 44827.007 | B28: PC9 | C28: 10.000335 | D28: 1.3e-07 | E28: 0.00050064 | F28: 1.26e-06 | G28: 1591.5 | H28: 15 | J28: =C28-C$3 -> 10.000335 | K28: =E28-E$3 -> 0.00047304 | L28: =K28*0.000000001/(2*PI()*J28*G28*0.000000000001) -> 4.7303886e-06 | M28: 10 | N28: =(J28/M28-1)*1000000 -> 33.4589 | O28: =N28+P$1 -> 31.03601
A29: 44827.009 | B29: PC10 | C29: 10.000394 | D29: 8.31e-08 | E29: 0.00049206 | F29: 6.18e-07 | G29: 1591.5 | H29: 15 | J29: =C29-C$3 -> 10.000394 | K29: =E29-E$3 -> 0.00046446 | L29: =K29*0.000000001/(2*PI()*J29*G29*0.000000000001) -> 4.6445612e-06 | M29: 10 | N29: =(J29/M29-1)*1000000 -> 39.4189 | O29: =N29+P$1 -> 36.99601
A30: 44827.01 | B30: PC11 | C30: 10.000203 | D30: 1.26e-07 | E30: 0.00048775 | F30: 1.03e-06 | G30: 1591.5 | H30: 15 | I30: Finished @ 11:16. Switched back to PC1 Clear the AH2700 Reading... | J30: =C30-C$3 -> 10.000203 | K30: =E30-E$3 -> 0.00046015 | L30: =K30*0.000000001/(2*PI()*J30*G30*0.000000000001) -> 4.6015493e-06 | M30: 10 | N30: =(J30/M30-1)*1000000 -> 20.3379 | O30: =N30+P$1 -> 17.91501

Sheet AH2700A2022-10-25
A1: av_exp = 10, frequency = 1591.5, no. of samples = 10, settling samples = 2 | J1: zero_corrected | K1: from G:\Shared drives\MSL - Electricity - Ongoing\Farad\Cap_Scale_Sept_2021\compare 2019 2020.xlsx cell AA30 | M1: AH11C1 | N1: -4.2 | O1: correction | P1: =N1 - N6 -> -2.41579
A2: DateTime | B2: Capacitor | C2: Capacitance (pF) | D2: uCap (pF) | E2: Conductance (nS) | F2: uCond (nS) | G2: Frequency (Hz) | H2: Voltage (V) | J2: Capacitance (pF) | K2: Conductance (nS) | L2: tand | M2: nominal C | N2: error | O2: corrected ppm
A3: 44859.4 | B3: zero | C3: -1.49e-07 | D3: 8.2030482e-08 | E3: 2.772e-05 | F3: 9.3786993e-07 | G3: 1591.5 | H3: 15 | J3: =C3-C$3 -> 0 | K3: =D3-D$3 -> 0 | L3: - | N3: ppm
A4: 44859.401 | B4: ah11a1 | C4: 9.9999757 | D4: 9.5e-08 | E4: -0.00016306 | F4: 6.0199668e-07 | G4: 1591.5 | H4: 15 | I4: AH11_1: 11.9, -11.7, 30.9, .034, -.016, -.011, .016 | J4: =C4-C$3 -> 9.9999758 | K4: =E4-E$3 -> -0.00019078 | L4: =K4*0.000000001/(2*PI()*J4*G4*0.000000000001) -> -1.9078639e-06 | M4: 10 | N4: =(J4/M4-1)*1000000 -> -2.4196 | O4: =N4+P$1 -> -4.83539
A5: 44859.403 | B5: ah11b1 | C5: 9.9999783 | D5: 7.1442285e-08 | E5: -0.00013579 | F5: 1.2242957e-06 | G5: 1591.5 | H5: 15 | J5: =C5-C$3 -> 9.9999784 | K5: =E5-E$3 -> -0.00016351 | L5: =K5*0.000000001/(2*PI()*J5*G5*0.000000000001) -> -1.6351543e-06 | M5: 10 | N5: =(J5/M5-1)*1000000 -> -2.1557 | O5: =N5+P$1 -> -4.57149
A6: 44859.404 | B6: ah11c1 | C6: 99.999821 | D6: 9.0000001e-08 | E6: 0.0017444 | F6: 1.1135529e-06 | G6: 1591.5 | H6: 15 | J6: =C6-C$3 -> 99.999822 | K6: =E6-E$3 -> 0.00171668 | L6: =K6*0.000000001/(2*PI()*J6*G6*0.000000000001) -> 1.7167364e-06 | M6: 100 | N6: =(J6/M6-1)*1000000 -> -1.78421 | O6: =N6+P$1 -> -4.2
A7: 44859.405 | B7: ah11d1 | C7: 99.999819 | D7: 1.4696939e-07 | E7: 0.0021209 | F7: 8.3066239e-07 | G7: 1591.5 | H7: 15 | J7: =C7-C$3 -> 99.999819 | K7: =E7-E$3 -> 0.00209318 | L7: =K7*0.000000001/(2*PI()*J7*G7*0.000000000001) -> 2.0932488e-06 | M7: 100 | N7: =(J7/M7-1)*1000000 -> -1.81271 | O7: =N7+P$1 -> -4.2285
A8: 44859.406 | B8: ah11a2 | C8: 9.9999758 | D8: 8.5463442e-08 | E8: -0.00027151 | F8: 8.6075548e-07 | G8: 1591.5 | H8: 15 | I8: AH11_2: 11.8, -11.9, 30.1, -.033, -.034, -.006, .019 | J8: =C8-C$3 -> 9.9999759 | K8: =E8-E$3 -> -0.00029923 | L8: =K8*0.000000001/(2*PI()*J8*G8*0.000000000001) -> -2.9924001e-06 | M8: 10 | N8: =(J8/M8-1)*1000000 -> -2.4097 | O8: =N8+P$1 -> -4.82549
A9: 44859.407 | B9: ah11b2 | C9: 9.9999734 | D9: 7.1582121e-08 | E9: -0.00023304 | F9: 6.8731361e-07 | G9: 1591.5 | H9: 15 | J9: =C9-C$3 -> 9.9999736 | K9: =E9-E$3 -> -0.00026076 | L9: =K9*0.000000001/(2*PI()*J9*G9*0.000000000001) -> -2.6076879e-06 | M9: 10 | N9: =(J9/M9-1)*1000000 -> -2.6435 | O9: =N9+P$1 -> -5.05929
A10: 44859.409 | B10: ah11c2 | C10: 99.999784 | D10: 4.8989792e-08 | E10: 0.0008002 | F10: 9.797959e-07 | G10: 1591.5 | H10: 15 | J10: =C10-C$3 -> 99.999784 | K10: =E10-E$3 -> 0.00077248 | L10: =K10*0.000000001/(2*PI()*J10*G10*0.000000000001) -> 7.7250566e-07 | M10: 100 | N10: =(J10/M10-1)*1000000 -> -2.16191 | O10: =N10+P$1 -> -4.5777
A11: 44859.41 | B11: ah11d2 | C11: 99.999862 | D11: 1.4e-07 | E11: 0.0008886 | F11: 1.1135529e-06 | G11: 1591.5 | H11: 15 | J11: =C11-C$3 -> 99.999862 | K11: =E11-E$3 -> 0.00086088 | L11: =K11*0.000000001/(2*PI()*J11*G11*0.000000000001) -> 8.6090793e-07 | M11: 100 | N11: =(J11/M11-1)*1000000 -> -1.37871 | O11: =N11+P$1 -> -3.7945
A12: 44859.412 | B12: gr10 | C12: 10.00019 | D12: 1.0198039e-07 | E12: 0.00092672 | F12: 1.2106197e-06 | G12: 1591.5 | H12: 15 | I12: GR inner 23.9103 1030.39mbar | J12: =C12-C$3 -> 10.000191 | K12: =E12-E$3 -> 0.000899 | L12: =K12*0.000000001/(2*PI()*J12*G12*0.000000000001) -> 8.9901079e-06 | M12: 10 | N12: =(J12/M12-1)*1000000 -> 19.0589 | O12: =N12+P$1 -> 16.64311
A13: 44859.414 | B13: gr100 | C13: 100.00406 | D13: 0 | E13: 0.00889 | F13: 2.2383029e-06 | G13: 1591.5 | H13: 15 | J13: =C13-C$3 -> 100.00407 | K13: =E13-E$3 -> 0.00886228 | L13: =K13*0.000000001/(2*PI()*J13*G13*0.000000000001) -> 8.862195e-06 | M13: 100 | N13: =(J13/M13-1)*1000000 -> 40.65149 | O13: =N13+P$1 -> 38.2357
A14: 44859.416 | B14: gr1000a | C14: 1000.0326 | D14: 3e-06 | E14: 0.20257 | F14: 2.607681e-05 | G14: 1591.5 | H14: 1.5 | J14: =C14-C$3 -> 1000.0326 | K14: =E14-E$3 -> 0.20254228 | L14: =K14*0.000000001/(2*PI()*J14*G14*0.000000000001) -> 2.0254196e-05 | M14: 1000 | N14: =(J14/M14-1)*1000000 -> 32.641149 | O14: =N14+P$1 -> 30.225359
A15: 44859.418 | B15: gr1000b | C15: 1000.005 | D15: 0.00010910545 | E15: 0.21598 | F15: 0.00025436195 | G15: 1591.5 | H15: 1.5 | J15: =C15-C$3 -> 1000.005 | K15: =E15-E$3 -> 0.21595228 | L15: =K15*0.000000001/(2*PI()*J15*G15*0.000000000001) -> 2.159579e-05 | M15: 1000 | N15: =(J15/M15-1)*1000000 -> 5.044149 | O15: =N15+P$1 -> 2.628359
A16: 44859.42 | B16: es13 | C16: 4.9999556 | D16: 6.2777384e-08 | E16: 0.00026182 | F16: 1.1196428e-06 | G16: 1591.5 | H16: 15 | I16: S-ball 23.7860; GMH*526(New Bettery) 20.71 under UB Cap, in oil 23.36 | J16: =C16-C$3 -> 4.9999558 | K16: =E16-E$3 -> 0.0002341 | L16: =K16*0.000000001/(2*PI()*J16*G16*0.000000000001) -> 4.6821868e-06 | M16: 5 | N16: =(J16/M16-1)*1000000 -> -8.8408 | O16: =N16+P$1 -> -11.25659
A17: 44859.437 | B17: es16 | C17: 5.0001037 | D17: 8.6579443e-08 | E17: 9.335e-05 | F17: 2.0713389e-05 | G17: 1591.5 | H17: 15 | J17: =C17-C$3 -> 5.0001039 | K17: =E17-E$3 -> 6.563e-05 | L17: =K17*0.000000001/(2*PI()*J17*G17*0.000000000001) -> 1.3126135e-06 | M17: 5 | N17: =(J17/M17-1)*1000000 -> 20.7734 | O17: =N17+P$1 -> 18.35761
A18: 44859.439 | B18: es14 | C18: 0.50005163 | D18: 7.8485667e-08 | E18: 7.542e-05 | F18: 9.4847246e-07 | G18: 1591.5 | H18: 15 | J18: =C18-C$3 -> 0.50005178 | K18: =E18-E$3 -> 4.77e-05 | L18: =K18*0.000000001/(2*PI()*J18*G18*0.000000000001) -> 9.5393084e-06 | M18: 0.5 | N18: =(J18/M18-1)*1000000 -> 103.558 | O18: =N18+P$1 -> 101.14221
A19: 44859.441 | B19: ub1000 | C19: 1000.1564 | D19: 7.8102497e-06 | E19: 0.108031 | F19: 3.3896903e-05 | G19: 1591.5 | H19: 1.5 | J19: =C19-C$3 -> 1000.1564 | K19: =E19-E$3 -> 0.10800328 | L19: =K19*0.000000001/(2*PI()*J19*G19*0.000000000001) -> 1.0798974e-05 | M19: 1000 | N19: =(J19/M19-1)*1000000 -> 156.40715 | O19: =N19+P$1 -> 153.99136
A20: 44859.443 | B20: PC1 | C20: 10.000356 | D20: 1.1135529e-07 | E20: 0.00048471 | F20: 1.8694652e-06 | G20: 1591.5 | H20: 15 | I20: Permuteable Temp 21.60 in oil bath no oil. FCU11 20.82 48.12%RH | J20: =C20-C$3 -> 10.000356 | K20: =E20-E$3 -> 0.00045699 | L20: =K20*0.000000001/(2*PI()*J20*G20*0.000000000001) -> 4.5698791e-06 | M20: 10 | N20: =(J20/M20-1)*1000000 -> 35.6289 | O20: =N20+P$1 -> 33.21311
A21: 44859.446 | B21: PC2 | C21: 10.000096 | D21: 1.4832397e-07 | E21: 0.00048727 | F21: 1.1798729e-06 | G21: 1591.5 | H21: 15 | J21: =C21-C$3 -> 10.000096 | K21: =E21-E$3 -> 0.00045955 | L21: =K21*0.000000001/(2*PI()*J21*G21*0.000000000001) -> 4.5955984e-06 | M21: 10 | N21: =(J21/M21-1)*1000000 -> 9.6449 | O21: =N21+P$1 -> 7.22911
A22: 44859.447 | B22: PC3 | C22: 10.000075 | D22: 1.3747727e-07 | E22: 0.00047168 | F22: 1.2204917e-06 | G22: 1591.5 | H22: 15 | J22: =C22-C$3 -> 10.000075 | K22: =E22-E$3 -> 0.00044396 | L22: =K22*0.000000001/(2*PI()*J22*G22*0.000000000001) -> 4.4397047e-06 | M22: 10 | N22: =(J22/M22-1)*1000000 -> 7.4659 | O22: =N22+P$1 -> 5.05011
A23: 44859.449 | B23: PC4 | C23: 10.000169 | D23: 1.1661904e-07 | E23: 0.00050931 | F23: 1.4996333e-06 | G23: 1591.5 | H23: 15 | I23: , | J23: =C23-C$3 -> 10.000169 | K23: =E23-E$3 -> 0.00048159 | L23: =K23*0.000000001/(2*PI()*J23*G23*0.000000000001) -> 4.8159681e-06 | M23: 10 | N23: =(J23/M23-1)*1000000 -> 16.9229 | O23: =N23+P$1 -> 14.50711
A24: 44859.452 | B24: PC5 | C24: 9.9999656 | D24: 1.3243866e-07 | E24: 0.00047637 | F24: 1.6480595e-06 | G24: 1591.5 | H24: 15 | J24: =C24-C$3 -> 9.9999658 | K24: =E24-E$3 -> 0.00044865 | L24: =K24*0.000000001/(2*PI()*J24*G24*0.000000000001) -> 4.4866547e-06 | M24: 10 | N24: =(J24/M24-1)*1000000 -> -3.4211 | O24: =N24+P$1 -> -5.83689
A25: 44859.457 | B25: PC6 | C25: 10.000176 | D25: 1.496663e-07 | E25: 0.00050881 | F25: 1.4279006e-06 | G25: 1591.5 | H25: 15 | J25: =C25-C$3 -> 10.000176 | K25: =E25-E$3 -> 0.00048109 | L25: =K25*0.000000001/(2*PI()*J25*G25*0.000000000001) -> 4.8109648e-06 | M25: 10 | N25: =(J25/M25-1)*1000000 -> 17.5989 | O25: =N25+P$1 -> 15.18311
A26: 44859.457 | B26: PC7 | C26: 10.000298 | D26: 1.2649111e-07 | E26: 0.00049561 | F26: 1.4679578e-06 | G26: 1591.5 | H26: 15 | J26: =C26-C$3 -> 10.000298 | K26: =E26-E$3 -> 0.00046789 | L26: =K26*0.000000001/(2*PI()*J26*G26*0.000000000001) -> 4.6789057e-06 | M26: 10 | N26: =(J26/M26-1)*1000000 -> 29.8349 | O26: =N26+P$1 -> 27.41911
A27: 44859.458 | B27: PC8 | C27: 10.00021 | D27: 5.3851648e-08 | E27: 0.0004964 | F27: 1.7128923e-06 | G27: 1591.5 | H27: 15 | J27: =C27-C$3 -> 10.00021 | K27: =E27-E$3 -> 0.00046868 | L27: =K27*0.000000001/(2*PI()*J27*G27*0.000000000001) -> 4.6868471e-06 | M27: 10 | N27: =(J27/M27-1)*1000000 -> 21.0159 | O27: =N27+P$1 -> 18.60011
A28: 44859.46 | B28: PC9 | C28: 10.000335 | D28: 1.1e-07 | E28: 0.00049992 | F28: 1.1771151e-06 | G28: 1591.5 | H28: 15 | J28: =C28-C$3 -> 10.000335 | K28: =E28-E$3 -> 0.0004722 | L28: =K28*0.000000001/(2*PI()*J28*G28*0.000000000001) -> 4.7219882e-06 | M28: 10 | N28: =(J28/M28-1)*1000000 -> 33.5479 | O28: =N28+P$1 -> 31.13211
A29: 44859.461 | B29: PC10 | C29: 10.000396 | D29: 9.797959e-08 | E29: 0.0004903 | F29: 1.196662e-06 | G29: 1591.5 | H29: 15 | J29: =C29-C$3 -> 10.000397 | K29: =E29-E$3 -> 0.00046258 | L29: =K29*0.000000001/(2*PI()*J29*G29*0.000000000001) -> 4.6257602e-06 | M29: 10 | N29: =(J29/M29-1)*1000000 -> 39.6629 | O29: =N29+P$1 -> 37.24711
A30: 44859.462 | B30: PC11 | C30: 10.000205 | D30: 1.7e-07 | E30: 0.0004895 | F30: 1.2058192e-06 | G30: 1591.5 | H30: 15 | I30: Finished @ 11:07. Switched back to PC1 Clear the AH2700 Reading... | J30: =C30-C$3 -> 10.000205 | K30: =E30-E$3 -> 0.00046178 | L30: =K30*0.000000001/(2*PI()*J30*G30*0.000000000001) -> 4.6178489e-06 | M30: 10 | N30: =(J30/M30-1)*1000000 -> 20.4739 | O30: =N30+P$1 -> 18.05811

Sheet AH2700A2022-11-11
A1: av_exp = 10, frequency = 1591.5, no. of samples = 10, settling samples = 2 | J1: zero_corrected | K1: from G:\Shared drives\MSL - Electricity - Ongoing\Farad\Cap_Scale_Sept_2021\compare 2019 2020.xlsx cell AA30 | M1: AH11C1 | N1: -4.2 | O1: correction | P1: =N1 - N6 -> -2.41734
A2: DateTime | B2: Capacitor | C2: Capacitance (pF) | D2: uCap (pF) | E2: Conductance (nS) | F2: uCond (nS) | G2: Frequency (Hz) | H2: Voltage (V) | J2: Capacitance (pF) | K2: Conductance (nS) | L2: tand | M2: nominal C | N2: error | O2: corrected ppm
A3: 44876.438 | B3: zero | C3: -1.54e-07 | D3: 8.4640416e-08 | E3: 2.864e-05 | F3: 9.8610344e-07 | G3: 1591.5 | H3: 15 | I3: Zero WITH BNC/BPO connectors | J3: =C3-C$3 -> 0 | K3: =D3-D$3 -> 0 | L3: - | N3: ppm
A4: 44876.44 | B4: ah11a1 | C4: 9.9999757 | D4: 9.3252346e-08 | E4: -0.00017168 | F4: 8.2437855e-07 | G4: 1591.5 | H4: 15 | I4: AH11_1: 11.9, -11.7, 30.9, .034, -.016, -.011, .016 | J4: =C4-C$3 -> 9.9999759 | K4: =E4-E$3 -> -0.00020032 | L4: =K4*0.000000001/(2*PI()*J4*G4*0.000000000001) -> -2.003267e-06 | M4: 10 | N4: =(J4/M4-1)*1000000 -> -2.4108 | O4: =N4+P$1 -> -4.82814
A5: 44876.441 | B5: ah11b1 | C5: 9.9999782 | D5: 8.6579443e-08 | E5: -0.00014187 | F5: 1.2247857e-06 | G5: 1591.5 | H5: 15 | J5: =C5-C$3 -> 9.9999784 | K5: =E5-E$3 -> -0.00017051 | L5: =K5*0.000000001/(2*PI()*J5*G5*0.000000000001) -> -1.7051566e-06 | M5: 10 | N5: =(J5/M5-1)*1000000 -> -2.1634 | O5: =N5+P$1 -> -4.58074
A6: 44876.442 | B6: ah11c1 | C6: 99.999822 | D6: 1.6e-07 | E6: 0.0017486 | F6: 1.0198039e-06 | G6: 1591.5 | H6: 15 | J6: =C6-C$3 -> 99.999822 | K6: =E6-E$3 -> 0.00171996 | L6: =K6*0.000000001/(2*PI()*J6*G6*0.000000000001) -> 1.7200165e-06 | M6: 100 | N6: =(J6/M6-1)*1000000 -> -1.78266 | O6: =N6+P$1 -> -4.2
A7: 44876.443 | B7: ah11d1 | C7: 99.999819 | D7: 1.2e-07 | E7: 0.0021187 | F7: 1.5524175e-06 | G7: 1591.5 | H7: 15 | J7: =C7-C$3 -> 99.999819 | K7: =E7-E$3 -> 0.00209006 | L7: =K7*0.000000001/(2*PI()*J7*G7*0.000000000001) -> 2.0901287e-06 | M7: 100 | N7: =(J7/M7-1)*1000000 -> -1.80786 | O7: =N7+P$1 -> -4.2252
A8: 44876.444 | B8: ah11a2 | C8: 9.9999758 | D8: 8.5819578e-08 | E8: -0.00026943 | F8: 1.2474374e-06 | G8: 1591.5 | H8: 15 | I8: AH11_2: 11.8, -11.9, 30.0, -.033, -.046, -.007, .019 | J8: =C8-C$3 -> 9.999976 | K8: =E8-E$3 -> -0.00029807 | L8: =K8*0.000000001/(2*PI()*J8*G8*0.000000000001) -> -2.9807997e-06 | M8: 10 | N8: =(J8/M8-1)*1000000 -> -2.4011 | O8: =N8+P$1 -> -4.81844
A9: 44876.451 | B9: ah11b2 | C9: 9.9999735 | D9: 1.202539e-07 | E9: -0.00023339 | F9: 8.3958323e-07 | G9: 1591.5 | H9: 15 | J9: =C9-C$3 -> 9.9999736 | K9: =E9-E$3 -> -0.00026203 | L9: =K9*0.000000001/(2*PI()*J9*G9*0.000000000001) -> -2.6203883e-06 | M9: 10 | N9: =(J9/M9-1)*1000000 -> -2.6383 | O9: =N9+P$1 -> -5.05564
A10: 44876.452 | B10: ah11c2 | C10: 99.999783 | D10: 1.077033e-07 | E10: 0.0008093 | F10: 1.0049876e-06 | G10: 1591.5 | H10: 15 | J10: =C10-C$3 -> 99.999784 | K10: =E10-E$3 -> 0.00078066 | L10: =K10*0.000000001/(2*PI()*J10*G10*0.000000000001) -> 7.8068594e-07 | M10: 100 | N10: =(J10/M10-1)*1000000 -> -2.16426 | O10: =N10+P$1 -> -4.5816
A11: 44876.453 | B11: ah11d2 | C11: 99.999862 | D11: 1.1357817e-07 | E11: 0.0008952 | F11: 8.7177979e-07 | G11: 1591.5 | H11: 15 | J11: =C11-C$3 -> 99.999862 | K11: =E11-E$3 -> 0.00086656 | L11: =K11*0.000000001/(2*PI()*J11*G11*0.000000000001) -> 8.6658811e-07 | M11: 100 | N11: =(J11/M11-1)*1000000 -> -1.37636 | O11: =N11+P$1 -> -3.7937
A12: 44876.454 | B12: gr10 | C12: 10.000253 | D12: 1.077033e-07 | E12: 0.00095875 | F12: 9.8818015e-07 | G12: 1591.5 | H12: 15 | I12: GR inner 25.1546 1021.37mbar | J12: =C12-C$3 -> 10.000253 | K12: =E12-E$3 -> 0.00093011 | L12: =K12*0.000000001/(2*PI()*J12*G12*0.000000000001) -> 9.3011535e-06 | M12: 10 | N12: =(J12/M12-1)*1000000 -> 25.3034 | O12: =N12+P$1 -> 22.88606
A13: 44876.458 | B13: gr100 | C13: 100.00435 | D13: 1.4210855e-14 | E13: 0.0090892 | F13: 1.7464249e-06 | G13: 1591.5 | H13: 15 | J13: =C13-C$3 -> 100.00435 | K13: =E13-E$3 -> 0.00906056 | L13: =K13*0.000000001/(2*PI()*J13*G13*0.000000000001) -> 9.0604474e-06 | M13: 100 | N13: =(J13/M13-1)*1000000 -> 43.49154 | O13: =N13+P$1 -> 41.0742
A14: 44876.46 | B14: gr1000a | C14: 1000.0342 | D14: 3e-06 | E14: 0.206505 | F14: 3.6400549e-05 | G14: 1591.5 | H14: 1.5 | J14: =C14-C$3 -> 1000.0342 | K14: =E14-E$3 -> 0.20647636 | L14: =K14*0.000000001/(2*PI()*J14*G14*0.000000000001) -> 2.0647571e-05 | M14: 1000 | N14: =(J14/M14-1)*1000000 -> 34.211154 | O14: =N14+P$1 -> 31.793814
A15: 44876.463 | B15: gr1000b | C15: 1000.0061 | D15: 0.0038517482 | E15: 0.14922 | F15: 0.20974011 | G15: 1591.5 | H15: 1.5 | I15: touched while reading | J15: =C15-C$3 -> 1000.0061 | K15: =E15-E$3 -> 0.14919136 | L15: =K15*0.000000001/(2*PI()*J15*G15*0.000000000001) -> 1.4919509e-05 | M15: 1000 | N15: =(J15/M15-1)*1000000 -> 6.086154 | O15: =N15+P$1 -> 3.668814
A16: 44876.465 | B16: es13 | C16: 4.9999693 | D16: 5.3674948e-08 | E16: 0.00027003 | F16: 1.1269871e-06 | G16: 1591.5 | H16: 15 | J16: =C16-C$3 -> 4.9999695 | K16: =E16-E$3 -> 0.00024139 | L16: =K16*0.000000001/(2*PI()*J16*G16*0.000000000001) -> 4.8279794e-06 | M16: 5 | N16: =(J16/M16-1)*1000000 -> -6.1018 | O16: =N16+P$1 -> -8.51914
A17: 44876.466 | B17: es16 | C17: 5.000114 | D17: 9.5289034e-08 | E17: -8.477e-05 | F17: 2.2654139e-06 | G17: 1591.5 | H17: 15 | J17: =C17-C$3 -> 5.0001141 | K17: =E17-E$3 -> -0.00011341 | L17: =K17*0.000000001/(2*PI()*J17*G17*0.000000000001) -> -2.2682187e-06 | M17: 5 | N17: =(J17/M17-1)*1000000 -> 22.8228 | O17: =N17+P$1 -> 20.40546
A18: 44876.468 | B18: es14 | C18: 0.50005347 | D18: 1.0080179e-07 | E18: 7.938e-05 | F18: 7.9221209e-07 | G18: 1591.5 | H18: 15 | J18: =C18-C$3 -> 0.50005362 | K18: =E18-E$3 -> 5.074e-05 | L18: =K18*0.000000001/(2*PI()*J18*G18*0.000000000001) -> 1.0147227e-05 | M18: 0.5 | N18: =(J18/M18-1)*1000000 -> 107.242 | O18: =N18+P$1 -> 104.82466
A19: 44876.469 | B19: ub1000 | C19: 1000.1589 | D19: 8.0622578e-06 | E19: 0.115095 | F19: 0.00010327149 | G19: 1591.5 | H19: 1.5 | I19: S-ball 24.757; GMH*526 20.77 under UB Cap, in oil 24.33 | J19: =C19-C$3 -> 1000.1589 | K19: =E19-E$3 -> 0.11506636 | L19: =K19*0.000000001/(2*PI()*J19*G19*0.000000000001) -> 1.1505165e-05 | M19: 1000 | N19: =(J19/M19-1)*1000000 -> 158.92515 | O19: =N19+P$1 -> 156.50781
A20: 44876.472 | B20: PC1 | C20: 10.000355 | D20: 1.2206556e-07 | E20: 0.00049987 | F20: 1.0545615e-06 | G20: 1591.5 | H20: 15 | I20: Permuteable Temp 21.500 in oil bath no oil. FCU11 20.90 45.12%RH | J20: =C20-C$3 -> 10.000355 | K20: =E20-E$3 -> 0.00047123 | L20: =K20*0.000000001/(2*PI()*J20*G20*0.000000000001) -> 4.712279e-06 | M20: 10 | N20: =(J20/M20-1)*1000000 -> 35.5264 | O20: =N20+P$1 -> 33.10906
A21: 44876.474 | B21: PC2 | C21: 10.000095 | D21: 1.9078784e-07 | E21: 0.0005067 | F21: 1.1798305e-06 | G21: 1591.5 | H21: 15 | J21: =C21-C$3 -> 10.000095 | K21: =E21-E$3 -> 0.00047806 | L21: =K21*0.000000001/(2*PI()*J21*G21*0.000000000001) -> 4.7807031e-06 | M21: 10 | N21: =(J21/M21-1)*1000000 -> 9.5014 | O21: =N21+P$1 -> 7.08406
A22: 44876.475 | B22: PC3 | C22: 10.000073 | D22: 1.1661904e-07 | E22: 0.00049078 | F22: 1.2781236e-06 | G22: 1591.5 | H22: 15 | J22: =C22-C$3 -> 10.000073 | K22: =E22-E$3 -> 0.00046214 | L22: =K22*0.000000001/(2*PI()*J22*G22*0.000000000001) -> 4.6215098e-06 | M22: 10 | N22: =(J22/M22-1)*1000000 -> 7.2974 | O22: =N22+P$1 -> 4.88006
A23: 44876.476 | B23: PC4 | C23: 10.000167 | D23: 1.496663e-07 | E23: 0.00052323 | F23: 1.8357832e-06 | G23: 1591.5 | H23: 15 | J23: =C23-C$3 -> 10.000167 | K23: =E23-E$3 -> 0.00049459 | L23: =K23*0.000000001/(2*PI()*J23*G23*0.000000000001) -> 4.9459708e-06 | M23: 10 | N23: =(J23/M23-1)*1000000 -> 16.7494 | O23: =N23+P$1 -> 14.33206
A24: 44876.48 | B24: PC5 | C24: 9.9999669 | D24: 1.3302631e-07 | E24: 0.0004934 | F24: 1.554992e-06 | G24: 1591.5 | H24: 15 | J24: =C24-C$3 -> 9.9999671 | K24: =E24-E$3 -> 0.00046476 | L24: =K24*0.000000001/(2*PI()*J24*G24*0.000000000001) -> 4.6477597e-06 | M24: 10 | N24: =(J24/M24-1)*1000000 -> -3.2938 | O24: =N24+P$1 -> -5.71114
A25: 44876.481 | B25: PC6 | C25: 10.000174 | D25: 7.8102497e-08 | E25: 0.00052511 | F25: 1.6410058e-06 | G25: 1591.5 | H25: 15 | J25: =C25-C$3 -> 10.000174 | K25: =E25-E$3 -> 0.00049647 | L25: =K25*0.000000001/(2*PI()*J25*G25*0.000000000001) -> 4.9647678e-06 | M25: 10 | N25: =(J25/M25-1)*1000000 -> 17.4084 | O25: =N25+P$1 -> 14.99106
A26: 44876.481 | B26: PC7 | C26: 10.000298 | D26: 1.7320508e-07 | E26: 0.00051376 | F26: 6.9455021e-07 | G26: 1591.5 | H26: 15 | J26: =C26-C$3 -> 10.000298 | K26: =E26-E$3 -> 0.00048512 | L26: =K26*0.000000001/(2*PI()*J26*G26*0.000000000001) -> 4.8512061e-06 | M26: 10 | N26: =(J26/M26-1)*1000000 -> 29.7954 | O26: =N26+P$1 -> 27.37806
A27: 44876.482 | B27: PC8 | C27: 10.000208 | D27: 1.2845233e-07 | E27: 0.00051242 | F27: 1.1737121e-06 | G27: 1591.5 | H27: 15 | J27: =C27-C$3 -> 10.000209 | K27: =E27-E$3 -> 0.00048378 | L27: =K27*0.000000001/(2*PI()*J27*G27*0.000000000001) -> 4.8378493e-06 | M27: 10 | N27: =(J27/M27-1)*1000000 -> 20.8604 | O27: =N27+P$1 -> 18.44306
A28: 44876.483 | B28: PC9 | C28: 10.000335 | D28: 7.7459667e-08 | E28: 0.00051796 | F28: 1.1783039e-06 | G28: 1591.5 | H28: 15 | J28: =C28-C$3 -> 10.000335 | K28: =E28-E$3 -> 0.00048932 | L28: =K28*0.000000001/(2*PI()*J28*G28*0.000000000001) -> 4.8931882e-06 | M28: 10 | N28: =(J28/M28-1)*1000000 -> 33.4754 | O28: =N28+P$1 -> 31.05806
A29: 44876.484 | B29: PC10 | C29: 10.000397 | D29: 6.6332495e-08 | E29: 0.00050863 | F29: 4.0012498e-07 | G29: 1591.5 | H29: 15 | J29: =C29-C$3 -> 10.000397 | K29: =E29-E$3 -> 0.00047999 | L29: =K29*0.000000001/(2*PI()*J29*G29*0.000000000001) -> 4.7998585e-06 | M29: 10 | N29: =(J29/M29-1)*1000000 -> 39.7014 | O29: =N29+P$1 -> 37.28406
A30: 44876.485 | B30: PC11 | C30: 10.000204 | D30: 1.2806248e-07 | E30: 0.00050236 | F30: 7.6052613e-07 | G30: 1591.5 | H30: 15 | I30: Repeat memo: AH2700A probe H/L cables touched while reading "ah11d2" lots noise could be generated this time | J30: =C30-C$3 -> 10.000204 | K30: =E30-E$3 -> 0.00047372 | L30: =K30*0.000000001/(2*PI()*J30*G30*0.000000000001) -> 4.7372505e-06 | M30: 10 | N30: =(J30/M30-1)*1000000 -> 20.3894 | O30: =N30+P$1 -> 17.97206

Sheet AH2700A2023-01-16
A1: av_exp = 10, frequency = 1591.5, no. of samples = 10, settling samples = 2 | J1: zero_corrected | K1: from G:\Shared drives\MSL - Electricity - Ongoing\Farad\Cap_Scale_Sept_2021\compare 2019 2020.xlsx cell AA30 | M1: AH11C1 | N1: -4.2 | O1: correction | P1: =N1 - N6 -> -2.41737
A2: DateTime | B2: Capacitor | C2: Capacitance (pF) | D2: uCap (pF) | E2: Conductance (nS) | F2: uCond (nS) | G2: Frequency (Hz) | H2: Voltage (V) | J2: Capacitance (pF) | K2: Conductance (nS) | L2: tand | M2: nominal C | N2: error | O2: corrected ppm
A3: 44942.031 | B3: zero | C3: -1.27e-07 | D3: 9.12e-08 | E3: 2.71e-05 | F3: 5.37e-07 | G3: 1591.5 | H3: 15 | I3: Zero WITH BNC/BPO connectors 09:50am 1024.35mbar, 51.73%RH 21.87C FCU011 | J3: =C3-C$3 -> 0 | K3: =D3-D$3 -> 0 | L3: - | N3: ppm
A4: 44942.035 | B4: ah11a1 | C4: 9.9999759 | D4: 7.85e-08 | E4: -0.0001739 | F4: 1.35e-06 | G4: 1591.5 | H4: 15 | I4: AH11_1: 11.9, -11.7, 31.0, .035, -.016, -.011, .016 | J4: =C4-C$3 -> 9.9999761 | K4: =E4-E$3 -> -0.000201 | L4: =K4*0.000000001/(2*PI()*J4*G4*0.000000000001) -> -2.0100672e-06 | M4: 10 | N4: =(J4/M4-1)*1000000 -> -2.3924 | O4: =N4+P$1 -> -4.80977
A5: 44942.038 | B5: ah11b1 | C5: 9.9999785 | D5: 1.1e-07 | E5: -0.00015702 | F5: 9.98e-07 | G5: 1591.5 | H5: 15 | J5: =C5-C$3 -> 9.9999786 | K5: =E5-E$3 -> -0.00018412 | L5: =K5*0.000000001/(2*PI()*J5*G5*0.000000000001) -> -1.8412611e-06 | M5: 10 | N5: =(J5/M5-1)*1000000 -> -2.1419 | O5: =N5+P$1 -> -4.55927
A6: 44942.039 | B6: ah11c1 | C6: 99.999822 | D6: 1.04e-07 | E6: 0.0017352 | F6: 1.47e-06 | G6: 1591.5 | H6: 15 | J6: =C6-C$3 -> 99.999822 | K6: =E6-E$3 -> 0.0017081 | L6: =K6*0.000000001/(2*PI()*J6*G6*0.000000000001) -> 1.7081561e-06 | M6: 100 | N6: =(J6/M6-1)*1000000 -> -1.78263 | O6: =N6+P$1 -> -4.2
A7: 44942.04 | B7: ah11d1 | C7: 99.999821 | D7: 1.1e-07 | E7: 0.0021017 | F7: 1.35e-06 | G7: 1591.5 | H7: 15 | J7: =C7-C$3 -> 99.999821 | K7: =E7-E$3 -> 0.0020746 | L7: =K7*0.000000001/(2*PI()*J7*G7*0.000000000001) -> 2.0746681e-06 | M7: 100 | N7: =(J7/M7-1)*1000000 -> -1.79003 | O7: =N7+P$1 -> -4.2074
A8: 44942 | B8: ah11a2 | C8: 9.9999761 | D8: 6.7e-08 | E8: -0.00028528 | F8: 9.79e-07 | G8: 1591.5 | H8: 15 | I8: AH11_2: 11.8, -11.8, 30.1, -.036, -.048, -.008, .021 | J8: =C8-C$3 -> 9.9999762 | K8: =E8-E$3 -> -0.00031238 | L8: =K8*0.000000001/(2*PI()*J8*G8*0.000000000001) -> -3.1239045e-06 | M8: 10 | N8: =(J8/M8-1)*1000000 -> -2.3808 | O8: =N8+P$1 -> -4.79817
A9: 44942.002 | B9: ah11b2 | C9: 9.9999739 | D9: 4.5e-08 | E9: -0.00024863 | F9: 8.22e-07 | G9: 1591.5 | H9: 15 | J9: =C9-C$3 -> 9.999974 | K9: =E9-E$3 -> -0.00027573 | L9: =K9*0.000000001/(2*PI()*J9*G9*0.000000000001) -> -2.7573928e-06 | M9: 10 | N9: =(J9/M9-1)*1000000 -> -2.6002 | O9: =N9+P$1 -> -5.01757
A10: 44942.004 | B10: ah11c2 | C10: 99.999785 | D10: 1.02e-07 | E10: 0.0007818 | F10: 8.72e-07 | G10: 1591.5 | H10: 15 | J10: =C10-C$3 -> 99.999785 | K10: =E10-E$3 -> 0.0007547 | L10: =K10*0.000000001/(2*PI()*J10*G10*0.000000000001) -> 7.5472506e-07 | M10: 100 | N10: =(J10/M10-1)*1000000 -> -2.14523 | O10: =N10+P$1 -> -4.5626
A11: 44942.005 | B11: ah11d2 | C11: 99.999868 | D11: 9.8e-08 | E11: 0.0008704 | F11: 1.8e-06 | G11: 1591.5 | H11: 15 | J11: =C11-C$3 -> 99.999868 | K11: =E11-E$3 -> 0.0008433 | L11: =K11*0.000000001/(2*PI()*J11*G11*0.000000000001) -> 8.433273e-07 | M11: 100 | N11: =(J11/M11-1)*1000000 -> -1.31793 | O11: =N11+P$1 -> -3.7353
A12: 44942.007 | B12: gr10 | C12: 10.0002 | D12: 9.43e-08 | E12: 0.0010022 | F12: 1.31e-06 | G12: 1591.5 | H12: 15 | I12: GR inner 23.9065 1024.17mbar | J12: =C12-C$3 -> 10.0002 | K12: =E12-E$3 -> 0.0009751 | L12: =K12*0.000000001/(2*PI()*J12*G12*0.000000000001) -> 9.7511077e-06 | M12: 10 | N12: =(J12/M12-1)*1000000 -> 20.0137 | O12: =N12+P$1 -> 17.59633
A13: 44942.01 | B13: gr100 | C13: 100.00408 | D13: 4.58e-07 | E13: 0.0091542 | F13: 7.94e-06 | G13: 1591.5 | H13: 15 | J13: =C13-C$3 -> 100.00408 | K13: =E13-E$3 -> 0.0091271 | L13: =K13*0.000000001/(2*PI()*J13*G13*0.000000000001) -> 9.1270108e-06 | M13: 100 | N13: =(J13/M13-1)*1000000 -> 40.83827 | O13: =N13+P$1 -> 38.4209
A14: 44942.013 | B14: gr1000a | C14: 1000.0323 | D14: 4e-06 | E14: 0.207898 | F14: 2.09e-05 | G14: 1591.5 | H14: 1.5 | J14: =C14-C$3 -> 1000.0323 | K14: =E14-E$3 -> 0.2078709 | L14: =K14*0.000000001/(2*PI()*J14*G14*0.000000000001) -> 2.0787065e-05 | M14: 1000 | N14: =(J14/M14-1)*1000000 -> 32.268127 | O14: =N14+P$1 -> 29.850757
A15: 44942.015 | B15: gr1000b | C15: 1000.0159 | D15: 0.000132669 | E15: 0.213619 | F15: 5.8e-05 | G15: 1591.5 | H15: 1.5 | J15: =C15-C$3 -> 1000.0159 | K15: =E15-E$3 -> 0.2135919 | L15: =K15*0.000000001/(2*PI()*J15*G15*0.000000000001) -> 2.1359514e-05 | M15: 1000 | N15: =(J15/M15-1)*1000000 -> 15.883127 | O15: =N15+P$1 -> 13.465757
A16: 44942.018 | B16: es13 | C16: 4.9999542 | D16: 7.94e-08 | E16: 0.0002664 | F16: 9.89e-07 | G16: 1591.5 | H16: 15 | J16: =C16-C$3 -> 4.9999544 | K16: =E16-E$3 -> 0.0002393 | L16: =K16*0.000000001/(2*PI()*J16*G16*0.000000000001) -> 4.7861923e-06 | M16: 5 | N16: =(J16/M16-1)*1000000 -> -9.1286 | O16: =N16+P$1 -> -11.54597
A17: 44942.02 | B17: es16 | C17: 5.000105 | D17: 7.92e-08 | E17: 0.00024813 | F17: 1.07e-06 | G17: 1591.5 | H17: 15 | J17: =C17-C$3 -> 5.0001051 | K17: =E17-E$3 -> 0.00022103 | L17: =K17*0.000000001/(2*PI()*J17*G17*0.000000000001) -> 4.4206444e-06 | M17: 5 | N17: =(J17/M17-1)*1000000 -> 21.0196 | O17: =N17+P$1 -> 18.60223
A18: 44942.023 | B18: es14 | C18: 0.50005169 | D18: 7.27e-08 | E18: 7.69e-05 | F18: 1.18e-06 | G18: 1591.5 | H18: 15 | J18: =C18-C$3 -> 0.50005182 | K18: =E18-E$3 -> 4.98e-05 | L18: =K18*0.000000001/(2*PI()*J18*G18*0.000000000001) -> 9.9592772e-06 | M18: 0.5 | N18: =(J18/M18-1)*1000000 -> 103.634 | O18: =N18+P$1 -> 101.21663
A19: 44942.025 | B19: ub1000 | C19: 1000.1714 | D19: 3e-06 | E19: 0.126911 | F19: 2.02e-05 | G19: 1591.5 | H19: 1.5 | I19: S-ball 23.705; GMH*526 20.74 under UB Cap, in oil 23.31 | J19: =C19-C$3 -> 1000.1714 | K19: =E19-E$3 -> 0.1268839 | L19: =K19*0.000000001/(2*PI()*J19*G19*0.000000000001) -> 1.268661e-05 | M19: 1000 | N19: =(J19/M19-1)*1000000 -> 171.39913 | O19: =N19+P$1 -> 168.98176
A20: 44942.027 | B20: PC1 | C20: 10.000373 | D20: 8.31e-08 | E20: 0.00051259 | F20: 1.25e-06 | G20: 1591.5 | H20: 15 | I20: Permuteable Temp 21.560 in oil bath no oil. FCU11 20.92 52.27%RH | J20: =C20-C$3 -> 10.000373 | K20: =E20-E$3 -> 0.00048549 | L20: =K20*0.000000001/(2*PI()*J20*G20*0.000000000001) -> 4.8548698e-06 | M20: 10 | N20: =(J20/M20-1)*1000000 -> 37.2817 | O20: =N20+P$1 -> 34.86433
A21: 44942.031 | B21: PC2 | C21: 10.000113 | D21: 1.04e-07 | E21: 0.00051857 | F21: 1.47e-06 | G21: 1591.5 | H21: 15 | J21: =C21-C$3 -> 10.000113 | K21: =E21-E$3 -> 0.00049147 | L21: =K21*0.000000001/(2*PI()*J21*G21*0.000000000001) -> 4.9147971e-06 | M21: 10 | N21: =(J21/M21-1)*1000000 -> 11.2937 | O21: =N21+P$1 -> 8.87633
A22: 44942.032 | B22: PC3 | C22: 10.00009 | D22: 1.42e-07 | E22: 0.00050187 | F22: 1.54e-06 | G22: 1591.5 | H22: 15 | J22: =C22-C$3 -> 10.000091 | K22: =E22-E$3 -> 0.00047477 | L22: =K22*0.000000001/(2*PI()*J22*G22*0.000000000001) -> 4.7478045e-06 | M22: 10 | N22: =(J22/M22-1)*1000000 -> 9.0557 | O22: =N22+P$1 -> 6.63833
A23: 44942.033 | B23: PC4 | C23: 10.000185 | D23: 1.55e-07 | E23: 0.00053528 | F23: 1.09e-06 | G23: 1591.5 | H23: 15 | J23: =C23-C$3 -> 10.000185 | K23: =E23-E$3 -> 0.00050818 | L23: =K23*0.000000001/(2*PI()*J23*G23*0.000000000001) -> 5.0818638e-06 | M23: 10 | N23: =(J23/M23-1)*1000000 -> 18.4997 | O23: =N23+P$1 -> 16.08233
A24: 44942.035 | B24: PC5 | C24: 9.9999818 | D24: 1.63e-07 | E24: 0.00050297 | F24: 1.28e-06 | G24: 1591.5 | H24: 15 | J24: =C24-C$3 -> 9.9999819 | K24: =E24-E$3 -> 0.00047587 | L24: =K24*0.000000001/(2*PI()*J24*G24*0.000000000001) -> 4.7588564e-06 | M24: 10 | N24: =(J24/M24-1)*1000000 -> -1.8114 | O24: =N24+P$1 -> -4.22877
A25: 44942.036 | B25: PC6 | C25: 10.000191 | D25: 1.26e-07 | E25: 0.00053354 | F25: 1.17e-06 | G25: 1591.5 | H25: 15 | J25: =C25-C$3 -> 10.000191 | K25: =E25-E$3 -> 0.00050644 | L25: =K25*0.000000001/(2*PI()*J25*G25*0.000000000001) -> 5.0644604e-06 | M25: 10 | N25: =(J25/M25-1)*1000000 -> 19.1327 | O25: =N25+P$1 -> 16.71533
A26: 44942.037 | B26: PC7 | C26: 10.000315 | D26: 2.29e-07 | E26: 0.00052102 | F26: 1.1e-06 | G26: 1591.5 | H26: 15 | J26: =C26-C$3 -> 10.000315 | K26: =E26-E$3 -> 0.00049392 | L26: =K26*0.000000001/(2*PI()*J26*G26*0.000000000001) -> 4.9391978e-06 | M26: 10 | N26: =(J26/M26-1)*1000000 -> 31.4967 | O26: =N26+P$1 -> 29.07933
A27: 44942.039 | B27: PC8 | C27: 10.000226 | D27: 2.47e-07 | E27: 0.00052294 | F27: 1.24e-06 | G27: 1591.5 | H27: 15 | J27: =C27-C$3 -> 10.000226 | K27: =E27-E$3 -> 0.00049584 | L27: =K27*0.000000001/(2*PI()*J27*G27*0.000000000001) -> 4.9584419e-06 | M27: 10 | N27: =(J27/M27-1)*1000000 -> 22.6137 | O27: =N27+P$1 -> 20.19633
A28: 44942.04 | B28: PC9 | C28: 10.000352 | D28: 8.94e-08 | E28: 0.00052943 | F28: 8.76e-07 | G28: 1591.5 | H28: 15 | J28: =C28-C$3 -> 10.000353 | K28: =E28-E$3 -> 0.00050233 | L28: =K28*0.000000001/(2*PI()*J28*G28*0.000000000001) -> 5.0232789e-06 | M28: 10 | N28: =(J28/M28-1)*1000000 -> 35.2527 | O28: =N28+P$1 -> 32.83533
A29: 44942.001 | B29: PC10 | C29: 10.000413 | D29: 1.27e-07 | E29: 0.00052023 | F29: 1.54e-06 | G29: 1591.5 | H29: 15 | J29: =C29-C$3 -> 10.000413 | K29: =E29-E$3 -> 0.00049313 | L29: =K29*0.000000001/(2*PI()*J29*G29*0.000000000001) -> 4.9312493e-06 | M29: 10 | N29: =(J29/M29-1)*1000000 -> 41.3497 | O29: =N29+P$1 -> 38.93233
A30: 44942.003 | B30: PC11 | C30: 10.00022 | D30: 2.01e-07 | E30: 0.0005129 | F30: 1.45e-06 | G30: 1591.5 | H30: 15 | I30: Switched back to PC1 Clear the AH2700 | J30: =C30-C$3 -> 10.00022 | K30: =E30-E$3 -> 0.0004858 | L30: =K30*0.000000001/(2*PI()*J30*G30*0.000000000001) -> 4.8580441e-06 | M30: 10 | N30: =(J30/M30-1)*1000000 -> 21.9867 | O30: =N30+P$1 -> 19.56933

Sheet AH2700A2023-3-28
A1: av_exp = 10, frequency = 1591.5, no. of samples = 10, settling samples = 2 | J1: zero_corrected | K1: from G:\Shared drives\MSL - Electricity - Ongoing\Farad\Cap_Scale_Sept_2021\compare 2019 2020.xlsx cell AA30 | M1: AH11C1 | N1: -4.2 | O1: correction | P1: =N1 - N6 -> -2.40212
A2: DateTime | B2: Capacitor | C2: Capacitance (pF) | D2: uCap (pF) | E2: Conductance (nS) | F2: uCond (nS) | G2: Frequency (Hz) | H2: Voltage (V) | J2: Capacitance (pF) | K2: Conductance (nS) | L2: tand | M2: nominal C | N2: error | O2: corrected ppm
A3: 45013.565 | B3: zero | C3: -9.2e-08 | D3: 8.4711274e-08 | E3: 2.78e-05 | F3: 8.378544e-07 | G3: 1591.5 | H3: 15 | I3: Zero WITH BNC/BPO connectors 13:33am 1007.12mbar, 49.53%RH 21.58C FCU011 | J3: =C3-C$3 -> 0 | K3: =D3-D$3 -> 0 | L3: - | N3: ppm
A4: 45013.568 | B4: ah11a1 | C4: 9.999976 | D4: 8.912912e-08 | E4: -0.0001984 | F4: 1.1401754e-06 | G4: 1591.5 | H4: 15 | I4: AH11_1: 11.9, -11.7, 30.7, .036, -.016, -.013, .017 | J4: =C4-C$3 -> 9.9999761 | K4: =E4-E$3 -> -0.0002262 | L4: =K4*0.000000001/(2*PI()*J4*G4*0.000000000001) -> -2.2620757e-06 | M4: 10 | N4: =(J4/M4-1)*1000000 -> -2.3942 | O4: =N4+P$1 -> -4.79632
A5: 45013.57 | B5: ah11b1 | C5: 9.9999784 | D5: 1.15e-07 | E5: -0.00016944 | F5: 8.7772433e-07 | G5: 1591.5 | H5: 15 | J5: =C5-C$3 -> 9.9999785 | K5: =E5-E$3 -> -0.00019724 | L5: =K5*0.000000001/(2*PI()*J5*G5*0.000000000001) -> -1.9724655e-06 | M5: 10 | N5: =(J5/M5-1)*1000000 -> -2.1513 | O5: =N5+P$1 -> -4.55342
A6: 45013.571 | B6: ah11c1 | C6: 99.99982 | D6: 7.4833149e-08 | E6: 0.0017305 | F6: 1.3601471e-06 | G6: 1591.5 | H6: 15 | J6: =C6-C$3 -> 99.99982 | K6: =E6-E$3 -> 0.0017027 | L6: =K6*0.000000001/(2*PI()*J6*G6*0.000000000001) -> 1.7027559e-06 | M6: 100 | N6: =(J6/M6-1)*1000000 -> -1.79788 | O6: =N6+P$1 -> -4.2
A7: 45013.572 | B7: ah11d1 | C7: 99.999821 | D7: 1e-07 | E7: 0.0020841 | F7: 8.3066239e-07 | G7: 1591.5 | H7: 15 | J7: =C7-C$3 -> 99.999821 | K7: =E7-E$3 -> 0.0020563 | L7: =K7*0.000000001/(2*PI()*J7*G7*0.000000000001) -> 2.0563675e-06 | M7: 100 | N7: =(J7/M7-1)*1000000 -> -1.78508 | O7: =N7+P$1 -> -4.1872
A8: 45013.573 | B8: ah11a2 | C8: 9.999976 | D8: 4.243819e-08 | E8: -0.00030483 | F8: 1.1109005e-06 | G8: 1591.5 | H8: 15 | J8: =C8-C$3 -> 9.9999761 | K8: =E8-E$3 -> -0.00033263 | L8: =K8*0.000000001/(2*PI()*J8*G8*0.000000000001) -> -3.3264113e-06 | M8: 10 | N8: =(J8/M8-1)*1000000 -> -2.3945 | O8: =N8+P$1 -> -4.79662
A9: 45013.575 | B9: ah11b2 | C9: 9.9999738 | D9: 7.3681748e-08 | E9: -0.00026266 | F9: 1.1516944e-06 | G9: 1591.5 | H9: 15 | J9: =C9-C$3 -> 9.9999739 | K9: =E9-E$3 -> -0.00029046 | L9: =K9*0.000000001/(2*PI()*J9*G9*0.000000000001) -> -2.9046978e-06 | M9: 10 | N9: =(J9/M9-1)*1000000 -> -2.6129 | O9: =N9+P$1 -> -5.01502
A10: 45013.576 | B10: ah11c2 | C10: 99.999787 | D10: 1.4210855e-14 | E10: 0.0007631 | F10: 1.2206556e-06 | G10: 1591.5 | H10: 15 | J10: =C10-C$3 -> 99.999787 | K10: =E10-E$3 -> 0.0007353 | L10: =K10*0.000000001/(2*PI()*J10*G10*0.000000000001) -> 7.353244e-07 | M10: 100 | N10: =(J10/M10-1)*1000000 -> -2.13108 | O10: =N10+P$1 -> -4.5332
A11: 45013.578 | B11: ah11d2 | C11: 99.999871 | D11: 1.2489996e-07 | E11: 0.0008537 | F11: 1.4866069e-06 | G11: 1591.5 | H11: 15 | J11: =C11-C$3 -> 99.999871 | K11: =E11-E$3 -> 0.0008259 | L11: =K11*0.000000001/(2*PI()*J11*G11*0.000000000001) -> 8.2592672e-07 | M11: 100 | N11: =(J11/M11-1)*1000000 -> -1.29188 | O11: =N11+P$1 -> -3.694
A12: 45013.581 | B12: gr10 | C12: 10.000205 | D12: 8.3066239e-08 | E12: 0.0010131 | F12: 1.2569805e-06 | G12: 1591.5 | H12: 15 | I12: GR inner 23.9110 1007.51mbar | J12: =C12-C$3 -> 10.000205 | K12: =E12-E$3 -> 0.0009853 | L12: =K12*0.000000001/(2*PI()*J12*G12*0.000000000001) -> 9.8531038e-06 | M12: 10 | N12: =(J12/M12-1)*1000000 -> 20.5202 | O12: =N12+P$1 -> 18.11808
A13: 45013.583 | B13: gr100 | C13: 100.0041 | D13: 3e-07 | E13: 0.0092321 | F13: 1.5620499e-06 | G13: 1591.5 | H13: 15 | J13: =C13-C$3 -> 100.0041 | K13: =E13-E$3 -> 0.0092043 | L13: =K13*0.000000001/(2*PI()*J13*G13*0.000000000001) -> 9.2042087e-06 | M13: 100 | N13: =(J13/M13-1)*1000000 -> 40.98192 | O13: =N13+P$1 -> 38.5798
A14: 45013.586 | B14: gr1000a | C14: 1000.0323 | D14: 0 | E14: 0.209702 | F14: 2.712932e-05 | G14: 1591.5 | H14: 1.5 | J14: =C14-C$3 -> 1000.0323 | K14: =E14-E$3 -> 0.2096742 | L14: =K14*0.000000001/(2*PI()*J14*G14*0.000000000001) -> 2.0967393e-05 | M14: 1000 | N14: =(J14/M14-1)*1000000 -> 32.330092 | O14: =N14+P$1 -> 29.927972
A15: 45013.589 | B15: gr1000b | C15: 1000.0164 | D15: 1.7204651e-05 | E15: 0.215248 | F15: 4.2142615e-05 | G15: 1591.5 | H15: 1.5 | J15: =C15-C$3 -> 1000.0164 | K15: =E15-E$3 -> 0.2152202 | L15: =K15*0.000000001/(2*PI()*J15*G15*0.000000000001) -> 2.1522335e-05 | M15: 1000 | N15: =(J15/M15-1)*1000000 -> 16.428092 | O15: =N15+P$1 -> 14.025972
A16: 45013.592 | B16: es13 | C16: 4.9999547 | D16: 6.0704201e-08 | E16: 0.00026854 | F16: 8.4994117e-07 | G16: 1591.5 | H16: 15 | I16: S Ball oil 23.733, no GMH in service this day | J16: =C16-C$3 -> 4.9999548 | K16: =E16-E$3 -> 0.00024074 | L16: =K16*0.000000001/(2*PI()*J16*G16*0.000000000001) -> 4.8149931e-06 | M16: 5 | N16: =(J16/M16-1)*1000000 -> -9.0486 | O16: =N16+P$1 -> -11.45072
A17: 45013.596 | B17: es16 | C17: 5.0001057 | D17: 8.5094066e-08 | E17: -0.0002411 | F17: 4.5166359e-07 | G17: 1591.5 | H17: 15 | J17: =C17-C$3 -> 5.0001058 | K17: =E17-E$3 -> -0.0002689 | L17: =K17*0.000000001/(2*PI()*J17*G17*0.000000000001) -> -5.3780532e-06 | M17: 5 | N17: =(J17/M17-1)*1000000 -> 21.167 | O17: =N17+P$1 -> 18.76488
A18: 45013.597 | B18: es14 | C18: 0.50005216 | D18: 7.738863e-08 | E18: 7.735e-05 | F18: 1.0072239e-06 | G18: 1591.5 | H18: 15 | J18: =C18-C$3 -> 0.50005225 | K18: =E18-E$3 -> 4.955e-05 | L18: =K18*0.000000001/(2*PI()*J18*G18*0.000000000001) -> 9.9092722e-06 | M18: 0.5 | N18: =(J18/M18-1)*1000000 -> 104.506 | O18: =N18+P$1 -> 102.10388
A19: 45013.6 | B19: ub1000 | C19: 1000.1606 | D19: 4.8989795e-06 | E19: 0.127294 | F19: 3.8e-05 | G19: 1591.5 | H19: 1.5 | I19: No GMH | J19: =C19-C$3 -> 1000.1606 | K19: =E19-E$3 -> 0.1272662 | L19: =K19*0.000000001/(2*PI()*J19*G19*0.000000000001) -> 1.2724971e-05 | M19: 1000 | N19: =(J19/M19-1)*1000000 -> 160.61409 | O19: =N19+P$1 -> 158.21197
A20: 45013.602 | B20: PC1 | C20: 10.000397 | D20: 9.797959e-08 | E20: 0.00050116 | F20: 1.4354093e-06 | G20: 1591.5 | H20: 15 | I20: Permuteable Temp 21.53 in oil bath no oil. FCU11 21.80 50.58%RH | J20: =C20-C$3 -> 10.000397 | K20: =E20-E$3 -> 0.00047336 | L20: =K20*0.000000001/(2*PI()*J20*G20*0.000000000001) -> 4.733559e-06 | M20: 10 | N20: =(J20/M20-1)*1000000 -> 39.7312 | O20: =N20+P$1 -> 37.32908
A21: 45013.605 | B21: PC2 | C21: 10.000138 | D21: 1.2206556e-07 | E21: 0.00050411 | F21: 1.5469001e-06 | G21: 1591.5 | H21: 15 | J21: =C21-C$3 -> 10.000138 | K21: =E21-E$3 -> 0.00047631 | L21: =K21*0.000000001/(2*PI()*J21*G21*0.000000000001) -> 4.7631824e-06 | M21: 10 | N21: =(J21/M21-1)*1000000 -> 13.7682 | O21: =N21+P$1 -> 11.36608
A22: 45013.608 | B22: PC3 | C22: 10.000114 | D22: 1.2845233e-07 | E22: 0.000493 | F22: 1.5646086e-06 | G22: 1591.5 | H22: 15 | J22: =C22-C$3 -> 10.000114 | K22: =E22-E$3 -> 0.0004652 | L22: =K22*0.000000001/(2*PI()*J22*G22*0.000000000001) -> 4.6520915e-06 | M22: 10 | N22: =(J22/M22-1)*1000000 -> 11.3842 | O22: =N22+P$1 -> 8.98208
A23: 45013.609 | B23: PC4 | C23: 10.00021 | D23: 1.2489996e-07 | E23: 0.00052406 | F23: 1.3252924e-06 | G23: 1591.5 | H23: 15 | J23: =C23-C$3 -> 10.00021 | K23: =E23-E$3 -> 0.00049626 | L23: =K23*0.000000001/(2*PI()*J23*G23*0.000000000001) -> 4.9626499e-06 | M23: 10 | N23: =(J23/M23-1)*1000000 -> 21.0012 | O23: =N23+P$1 -> 18.59908
A24: 45013.618 | B24: PC5 | C24: 10.000004 | D24: 1.4832397e-07 | E24: 0.00050436 | F24: 1.5679286e-06 | G24: 1591.5 | H24: 15 | J24: =C24-C$3 -> 10.000004 | K24: =E24-E$3 -> 0.00047656 | L24: =K24*0.000000001/(2*PI()*J24*G24*0.000000000001) -> 4.7657462e-06 | M24: 10 | N24: =(J24/M24-1)*1000000 -> 0.3892 | O24: =N24+P$1 -> -2.01292
A25: 45013.62 | B25: PC6 | C25: 10.000215 | D25: 2.1563859e-07 | E25: 0.00053553 | F25: 1.5937691e-06 | G25: 1591.5 | H25: 15 | J25: =C25-C$3 -> 10.000215 | K25: =E25-E$3 -> 0.00050773 | L25: =K25*0.000000001/(2*PI()*J25*G25*0.000000000001) -> 5.0773485e-06 | M25: 10 | N25: =(J25/M25-1)*1000000 -> 21.5142 | O25: =N25+P$1 -> 19.11208
A26: 45013.621 | B26: PC7 | C26: 10.00034 | D26: 1.1e-07 | E26: 0.00051277 | F26: 8.2346828e-07 | G26: 1591.5 | H26: 15 | J26: =C26-C$3 -> 10.00034 | K26: =E26-E$3 -> 0.00048497 | L26: =K26*0.000000001/(2*PI()*J26*G26*0.000000000001) -> 4.8496859e-06 | M26: 10 | N26: =(J26/M26-1)*1000000 -> 33.9762 | O26: =N26+P$1 -> 31.57408
A27: 45013.623 | B27: PC8 | C27: 10.000249 | D27: 6.708204e-08 | E27: 0.00051407 | F27: 1.7624131e-06 | G27: 1591.5 | H27: 15 | J27: =C27-C$3 -> 10.000249 | K27: =E27-E$3 -> 0.00048627 | L27: =K27*0.000000001/(2*PI()*J27*G27*0.000000000001) -> 4.8627298e-06 | M27: 10 | N27: =(J27/M27-1)*1000000 -> 24.9242 | O27: =N27+P$1 -> 22.52208
A28: 45013.624 | B28: PC9 | C28: 10.000377 | D28: 1.3453624e-07 | E28: 0.00052714 | F28: 1.1714948e-06 | G28: 1591.5 | H28: 15 | J28: =C28-C$3 -> 10.000377 | K28: =E28-E$3 -> 0.00049934 | L28: =K28*0.000000001/(2*PI()*J28*G28*0.000000000001) -> 4.9933666e-06 | M28: 10 | N28: =(J28/M28-1)*1000000 -> 37.7422 | O28: =N28+P$1 -> 35.34008
A29: 45013.626 | B29: PC10 | C29: 10.000436 | D29: 1.6e-07 | E29: 0.00051599 | F29: 8.0925892e-07 | G29: 1591.5 | H29: 15 | J29: =C29-C$3 -> 10.000436 | K29: =E29-E$3 -> 0.00048819 | L29: =K29*0.000000001/(2*PI()*J29*G29*0.000000000001) -> 4.8818387e-06 | M29: 10 | N29: =(J29/M29-1)*1000000 -> 43.6172 | O29: =N29+P$1 -> 41.21508
A30: 45013.627 | B30: PC11 | C30: 10.000242 | D30: 1.1e-07 | E30: 0.000505 | F30: 1.3266499e-06 | G30: 1591.5 | H30: 15 | I30: Switched back to PC1 Clear the AH2700 | J30: =C30-C$3 -> 10.000242 | K30: =E30-E$3 -> 0.0004772 | L30: =K30*0.000000001/(2*PI()*J30*G30*0.000000000001) -> 4.7720328e-06 | M30: 10 | N30: =(J30/M30-1)*1000000 -> 24.1962 | O30: =N30+P$1 -> 21.79408

Sheet AH2700A2023-5-08
A1: av_exp = 10, frequency = 1591.5, no. of samples = 10, settling samples = 2 | J1: zero_corrected | K1: from G:\Shared drives\MSL - Electricity - Ongoing\Farad\Cap_Scale_Sept_2021\compare 2019 2020.xlsx cell AA30 | M1: AH11C1 | N1: -4.2 | O1: correction | P1: =N1 - N6 -> -2.40063
A2: DateTime | B2: Capacitor | C2: Capacitance (pF) | D2: uCap (pF) | E2: Conductance (nS) | F2: uCond (nS) | G2: Frequency (Hz) | H2: Voltage (V) | J2: Capacitance (pF) | K2: Conductance (nS) | L2: tand | M2: nominal C | N2: error | O2: corrected ppm
A3: 45054.041 | B3: zero | C3: -1.03e-07 | D3: 8.92e-08 | E3: 2.77e-05 | F3: 9.89e-07 | G3: 1591.5 | H3: 15 | I3: Zero WITH BNC/BPO connectors 13:03am 1020.17mbar, 56.83%RH 20.63C FCU011 | J3: =C3-C$3 -> 0 | K3: =D3-D$3 -> 0 | L3: - | N3: ppm
A4: 45054.003 | B4: ah11a1 | C4: 9.9999762 | D4: 7.07e-08 | E4: -0.00019457 | F4: 1.06e-06 | G4: 1591.5 | H4: 15 | I4: AH11_1: 11.9, -11.6, 31.2, .035, -.016, -.011, .016 | J4: =C4-C$3 -> 9.9999763 | K4: =E4-E$3 -> -0.00022227 | L4: =K4*0.000000001/(2*PI()*J4*G4*0.000000000001) -> -2.2227743e-06 | M4: 10 | N4: =(J4/M4-1)*1000000 -> -2.3725 | O4: =N4+P$1 -> -4.77313
A5: 45054.006 | B5: ah11b1 | C5: 9.9999786 | D5: 9.54e-08 | E5: -0.00017624 | F5: 8.31e-07 | G5: 1591.5 | H5: 15 | J5: =C5-C$3 -> 9.9999787 | K5: =E5-E$3 -> -0.00020394 | L5: =K5*0.000000001/(2*PI()*J5*G5*0.000000000001) -> -2.0394677e-06 | M5: 10 | N5: =(J5/M5-1)*1000000 -> -2.129 | O5: =N5+P$1 -> -4.52963
A6: 45054.008 | B6: ah11c1 | C6: 99.99982 | D6: 1.43e-07 | E6: 0.001746 | F6: 1.34e-06 | G6: 1591.5 | H6: 15 | J6: =C6-C$3 -> 99.99982 | K6: =E6-E$3 -> 0.0017183 | L6: =K6*0.000000001/(2*PI()*J6*G6*0.000000000001) -> 1.7183565e-06 | M6: 100 | N6: =(J6/M6-1)*1000000 -> -1.79937 | O6: =N6+P$1 -> -4.2
A7: 45054.008 | B7: ah11d1 | C7: 99.999822 | D7: 1.43e-07 | E7: 0.0021108 | F7: 1.47e-06 | G7: 1591.5 | H7: 15 | I7: AH11_2: 11.8, -11.8, 30.1, -.042, -.053, -.012, .021 | J7: =C7-C$3 -> 99.999822 | K7: =E7-E$3 -> 0.0020831 | L7: =K7*0.000000001/(2*PI()*J7*G7*0.000000000001) -> 2.0831684e-06 | M7: 100 | N7: =(J7/M7-1)*1000000 -> -1.77757 | O7: =N7+P$1 -> -4.1782
A8: 45054.011 | B8: ah11a2 | C8: 9.9999763 | D8: 7.72e-08 | E8: -0.00029947 | F8: 1.06e-06 | G8: 1591.5 | H8: 15 | J8: =C8-C$3 -> 9.9999764 | K8: =E8-E$3 -> -0.00032717 | L8: =K8*0.000000001/(2*PI()*J8*G8*0.000000000001) -> -3.2718093e-06 | M8: 10 | N8: =(J8/M8-1)*1000000 -> -2.3574 | O8: =N8+P$1 -> -4.75803
A9: 45054.012 | B9: ah11b2 | C9: 9.9999741 | D9: 9.23e-08 | E9: -0.00026145 | F9: 7.8e-07 | G9: 1591.5 | H9: 15 | J9: =C9-C$3 -> 9.9999742 | K9: =E9-E$3 -> -0.00028915 | L9: =K9*0.000000001/(2*PI()*J9*G9*0.000000000001) -> -2.8915973e-06 | M9: 10 | N9: =(J9/M9-1)*1000000 -> -2.582 | O9: =N9+P$1 -> -4.98263
A10: 45054.012 | B10: ah11c2 | C10: 99.999788 | D10: 1.25e-07 | E10: 0.0007762 | F10: 1.78e-06 | G10: 1591.5 | H10: 15 | J10: =C10-C$3 -> 99.999788 | K10: =E10-E$3 -> 0.0007485 | L10: =K10*0.000000001/(2*PI()*J10*G10*0.000000000001) -> 7.4852483e-07 | M10: 100 | N10: =(J10/M10-1)*1000000 -> -2.11877 | O10: =N10+P$1 -> -4.5194
A11: 45054.015 | B11: ah11d2 | C11: 99.999875 | D11: 9.43e-08 | E11: 0.0008598 | F11: 9.8e-07 | G11: 1591.5 | H11: 15 | J11: =C11-C$3 -> 99.999875 | K11: =E11-E$3 -> 0.0008321 | L11: =K11*0.000000001/(2*PI()*J11*G11*0.000000000001) -> 8.3212688e-07 | M11: 100 | N11: =(J11/M11-1)*1000000 -> -1.24907 | O11: =N11+P$1 -> -3.6497
A12: 45054.022 | B12: gr10 | C12: 10.0002 | D12: 1.04e-07 | E12: 0.00100741 | F12: 7.66e-07 | G12: 1591.5 | H12: 15 | J12: =C12-C$3 -> 10.0002 | K12: =E12-E$3 -> 0.00097971 | L12: =K12*0.000000001/(2*PI()*J12*G12*0.000000000001) -> 9.797208e-06 | M12: 10 | N12: =(J12/M12-1)*1000000 -> 20.0393 | O12: =N12+P$1 -> 17.63867
A13: 45054.024 | B13: gr100 | C13: 100.00409 | D13: 5e-07 | E13: 0.0093013 | F13: 2.62e-06 | G13: 1591.5 | H13: 15 | J13: =C13-C$3 -> 100.00409 | K13: =E13-E$3 -> 0.0092736 | L13: =K13*0.000000001/(2*PI()*J13*G13*0.000000000001) -> 9.2735083e-06 | M13: 100 | N13: =(J13/M13-1)*1000000 -> 40.94603 | O13: =N13+P$1 -> 38.5454
A14: 45054.025 | B14: gr1000a | C14: 1000.0323 | D14: 1.14e-13 | E14: 0.211751 | F14: 4.81e-05 | G14: 1591.5 | H14: 1.5 | J14: =C14-C$3 -> 1000.0324 | K14: =E14-E$3 -> 0.2117233 | L14: =K14*0.000000001/(2*PI()*J14*G14*0.000000000001) -> 2.1172303e-05 | M14: 1000 | N14: =(J14/M14-1)*1000000 -> 32.350103 | O14: =N14+P$1 -> 29.949473
A15: 45054.027 | B15: gr1000b | C15: 1000.0164 | D15: 3e-06 | E15: 0.218611 | F15: 2.7e-05 | G15: 1591.5 | H15: 1.5 | J15: =C15-C$3 -> 1000.0164 | K15: =E15-E$3 -> 0.2185833 | L15: =K15*0.000000001/(2*PI()*J15*G15*0.000000000001) -> 2.185865e-05 | M15: 1000 | N15: =(J15/M15-1)*1000000 -> 16.439103 | O15: =N15+P$1 -> 14.038473
A16: 45054.029 | B16: es13 | C16: 4.9999544 | D16: 7.58e-08 | E16: 0.00027084 | F16: 9.61e-07 | G16: 1591.5 | H16: 15 | J16: =C16-C$3 -> 4.9999545 | K16: =E16-E$3 -> 0.00024314 | L16: =K16*0.000000001/(2*PI()*J16*G16*0.000000000001) -> 4.8629953e-06 | M16: 5 | N16: =(J16/M16-1)*1000000 -> -9.1032 | O16: =N16+P$1 -> -11.50383
A17: 45054.031 | B17: es16 | C17: 5.000106 | D17: 7.02e-08 | E17: -0.00024888 | F17: 2.23e-06 | G17: 1591.5 | H17: 15 | J17: =C17-C$3 -> 5.0001061 | K17: =E17-E$3 -> -0.00027658 | L17: =K17*0.000000001/(2*PI()*J17*G17*0.000000000001) -> -5.5316544e-06 | M17: 5 | N17: =(J17/M17-1)*1000000 -> 21.2168 | O17: =N17+P$1 -> 18.81617
A18: 45054.033 | B18: es14 | C18: 0.50005218 | D18: 1.11e-07 | E18: 7.83e-05 | F18: 6.47e-07 | G18: 1591.5 | H18: 15 | J18: =C18-C$3 -> 0.50005228 | K18: =E18-E$3 -> 5.06e-05 | L18: =K18*0.000000001/(2*PI()*J18*G18*0.000000000001) -> 1.0119256e-05 | M18: 0.5 | N18: =(J18/M18-1)*1000000 -> 104.568 | O18: =N18+P$1 -> 102.16737
A19: 45054.035 | B19: ub1000 | C19: 1000.1703 | D19: 4.47e-06 | E19: 0.129645 | F19: 2.84e-05 | G19: 1591.5 | H19: 1.5 | I19: S_Ball 23.730 GMH5I 20.72 under UB Cap and 23.31 in Oil | J19: =C19-C$3 -> 1000.1703 | K19: =E19-E$3 -> 0.1296173 | L19: =K19*0.000000001/(2*PI()*J19*G19*0.000000000001) -> 1.2959925e-05 | M19: 1000 | N19: =(J19/M19-1)*1000000 -> 170.3101 | O19: =N19+P$1 -> 167.90947
A20: 45054.038 | B20: PC1 | C20: 10.000402 | D20: 2.06e-07 | E20: 0.00050849 | F20: 9.21e-07 | G20: 1591.5 | H20: 15 | I20: Permuteable Temp 21.560 in oil bath no oil. FCU11 20.64 56.86%RH | J20: =C20-C$3 -> 10.000402 | K20: =E20-E$3 -> 0.00048079 | L20: =K20*0.000000001/(2*PI()*J20*G20*0.000000000001) -> 4.807856e-06 | M20: 10 | N20: =(J20/M20-1)*1000000 -> 40.2043 | O20: =N20+P$1 -> 37.80367
A21: 45054.04 | B21: PC2 | C21: 10.000142 | D21: 1.56e-07 | E21: 0.00050891 | F21: 1.36e-06 | G21: 1591.5 | H21: 15 | J21: =C21-C$3 -> 10.000142 | K21: =E21-E$3 -> 0.00048121 | L21: =K21*0.000000001/(2*PI()*J21*G21*0.000000000001) -> 4.8121812e-06 | M21: 10 | N21: =(J21/M21-1)*1000000 -> 14.1763 | O21: =N21+P$1 -> 11.77567
A22: 45054.002 | B22: PC3 | C22: 10.000119 | D22: 1.22e-07 | E22: 0.00049476 | F22: 1.1e-06 | G22: 1591.5 | H22: 15 | J22: =C22-C$3 -> 10.000119 | K22: =E22-E$3 -> 0.00046706 | L22: =K22*0.000000001/(2*PI()*J22*G22*0.000000000001) -> 4.6706897e-06 | M22: 10 | N22: =(J22/M22-1)*1000000 -> 11.8613 | O22: =N22+P$1 -> 9.46067
A23: 45054.003 | B23: PC4 | C23: 10.000214 | D23: 1.4e-07 | E23: 0.00052894 | F23: 1.67e-06 | G23: 1591.5 | H23: 15 | J23: =C23-C$3 -> 10.000214 | K23: =E23-E$3 -> 0.00050124 | L23: =K23*0.000000001/(2*PI()*J23*G23*0.000000000001) -> 5.0124486e-06 | M23: 10 | N23: =(J23/M23-1)*1000000 -> 21.3683 | O23: =N23+P$1 -> 18.96767
A24: 45054.004 | B24: PC5 | C24: 10.00001 | D24: 2.1e-07 | E24: 0.00049954 | F24: 1.58e-06 | G24: 1591.5 | H24: 15 | J24: =C24-C$3 -> 10.00001 | K24: =E24-E$3 -> 0.00047184 | L24: =K24*0.000000001/(2*PI()*J24*G24*0.000000000001) -> 4.7185418e-06 | M24: 10 | N24: =(J24/M24-1)*1000000 -> 1.0103 | O24: =N24+P$1 -> -1.39033
A25: 45054.005 | B25: PC6 | C25: 10.00022 | D25: 1.51e-07 | E25: 0.00052965 | F25: 1.55e-06 | G25: 1591.5 | H25: 15 | J25: =C25-C$3 -> 10.00022 | K25: =E25-E$3 -> 0.00050195 | L25: =K25*0.000000001/(2*PI()*J25*G25*0.000000000001) -> 5.0195456e-06 | M25: 10 | N25: =(J25/M25-1)*1000000 -> 21.9713 | O25: =N25+P$1 -> 19.57067
A26: 45054.006 | B26: PC7 | C26: 10.000345 | D26: 1.45e-07 | E26: 0.00051862 | F26: 1.8e-06 | G26: 1591.5 | H26: 15 | J26: =C26-C$3 -> 10.000345 | K26: =E26-E$3 -> 0.00049092 | L26: =K26*0.000000001/(2*PI()*J26*G26*0.000000000001) -> 4.9091833e-06 | M26: 10 | N26: =(J26/M26-1)*1000000 -> 34.4693 | O26: =N26+P$1 -> 32.06867
A27: 45054.008 | B27: PC8 | C27: 10.000254 | D27: 1.42e-07 | E27: 0.00052102 | F27: 1.28e-06 | G27: 1591.5 | H27: 15 | J27: =C27-C$3 -> 10.000254 | K27: =E27-E$3 -> 0.00049332 | L27: =K27*0.000000001/(2*PI()*J27*G27*0.000000000001) -> 4.9332277e-06 | M27: 10 | N27: =(J27/M27-1)*1000000 -> 25.4473 | O27: =N27+P$1 -> 23.04667
A28: 45054.009 | B28: PC9 | C28: 10.000382 | D28: 1.49e-07 | E28: 0.00053304 | F28: 1.92e-06 | G28: 1591.5 | H28: 15 | J28: =C28-C$3 -> 10.000382 | K28: =E28-E$3 -> 0.00050534 | L28: =K28*0.000000001/(2*PI()*J28*G28*0.000000000001) -> 5.0533639e-06 | M28: 10 | N28: =(J28/M28-1)*1000000 -> 38.1973 | O28: =N28+P$1 -> 35.79667
A29: 45054.01 | B29: PC10 | C29: 10.000442 | D29: 1.79e-07 | E29: 0.0005168 | F29: 1.25e-06 | G29: 1591.5 | H29: 15 | J29: =C29-C$3 -> 10.000442 | K29: =E29-E$3 -> 0.0004891 | L29: =K29*0.000000001/(2*PI()*J29*G29*0.000000000001) -> 4.8909357e-06 | M29: 10 | N29: =(J29/M29-1)*1000000 -> 44.2033 | O29: =N29+P$1 -> 41.80267
A30: 45054.012 | B30: PC11 | C30: 10.000245 | D30: 1.11e-07 | E30: 0.00052986 | F30: 9.55e-07 | G30: 1591.5 | H30: 15 | I30: Switched back to PC1 Clear the AH2700 | J30: =C30-C$3 -> 10.000245 | K30: =E30-E$3 -> 0.00050216 | L30: =K30*0.000000001/(2*PI()*J30*G30*0.000000000001) -> 5.0216327e-06 | M30: 10 | N30: =(J30/M30-1)*1000000 -> 24.5463 | O30: =N30+P$1 -> 22.14567

Sheet AH2700A2023-5-16
A1: av_exp = 10, frequency = 1591.5, no. of samples = 10, settling samples = 2 | J1: zero_corrected | K1: from G:\Shared drives\MSL - Electricity - Ongoing\Farad\Cap_Scale_Sept_2021\compare 2019 2020.xlsx cell AA30 | M1: AH11C1 | N1: -4.2 | O1: correction | P1: =N1 - N6 -> -2.39823
A2: DateTime | B2: Capacitor | C2: Capacitance (pF) | D2: uCap (pF) | E2: Conductance (nS) | F2: uCond (nS) | G2: Frequency (Hz) | H2: Voltage (V) | J2: Capacitance (pF) | K2: Conductance (nS) | L2: tand | M2: nominal C | N2: error | O2: corrected ppm
A3: 45062.036 | B3: zero | C3: -1.23e-07 | D3: 7.04e-08 | E3: 2.86e-05 | F3: 9.43e-07 | G3: 1591.5 | H3: 15 | I3: Zero WITH BNC/BPO connectors 13:52am 1018.01mbar, 48.32%RH 20.61C FCU011 | J3: =C3-C$3 -> 0 | K3: =D3-D$3 -> 0 | L3: - | N3: ppm
A4: 45062.037 | B4: ah11a1 | C4: 9.9999759 | D4: 8.74e-08 | E4: -0.00018079 | F4: 8.76e-07 | G4: 1591.5 | H4: 15 | I4: AH11_1: 11.9, -11.7, 30.3, .035, -.017, -.012, .018 | J4: =C4-C$3 -> 9.9999761 | K4: =E4-E$3 -> -0.00020939 | L4: =K4*0.000000001/(2*PI()*J4*G4*0.000000000001) -> -2.09397e-06 | M4: 10 | N4: =(J4/M4-1)*1000000 -> -2.3934 | O4: =N4+P$1 -> -4.79163
A5: 45062.039 | B5: ah11b1 | C5: 9.9999784 | D5: 7.42e-08 | E5: -0.00017494 | F5: 8.56e-07 | G5: 1591.5 | H5: 15 | J5: =C5-C$3 -> 9.9999785 | K5: =E5-E$3 -> -0.00020354 | L5: =K5*0.000000001/(2*PI()*J5*G5*0.000000000001) -> -2.0354676e-06 | M5: 10 | N5: =(J5/M5-1)*1000000 -> -2.1466 | O5: =N5+P$1 -> -4.54483
A6: 45062.04 | B6: ah11c1 | C6: 99.99982 | D6: 8.94e-08 | E6: 0.0017423 | F6: 9e-07 | G6: 1591.5 | H6: 15 | J6: =C6-C$3 -> 99.99982 | K6: =E6-E$3 -> 0.0017137 | L6: =K6*0.000000001/(2*PI()*J6*G6*0.000000000001) -> 1.7137563e-06 | M6: 100 | N6: =(J6/M6-1)*1000000 -> -1.80177 | O6: =N6+P$1 -> -4.2
A7: 45062.041 | B7: ah11d1 | C7: 99.999822 | D7: 6.32e-08 | E7: 0.0021095 | F7: 9.22e-07 | G7: 1591.5 | H7: 15 | I7: AH11_2: 11.8, -11.9, 29.8, -.046, -.057, -.014, .020 | J7: =C7-C$3 -> 99.999822 | K7: =E7-E$3 -> 0.0020809 | L7: =K7*0.000000001/(2*PI()*J7*G7*0.000000000001) -> 2.0809683e-06 | M7: 100 | N7: =(J7/M7-1)*1000000 -> -1.77577 | O7: =N7+P$1 -> -4.174
A8: 45062.001 | B8: ah11a2 | C8: 9.9999762 | D8: 7.38e-08 | E8: -0.00029607 | F8: 6.62e-07 | G8: 1591.5 | H8: 15 | J8: =C8-C$3 -> 9.9999763 | K8: =E8-E$3 -> -0.00032467 | L8: =K8*0.000000001/(2*PI()*J8*G8*0.000000000001) -> -3.2468085e-06 | M8: 10 | N8: =(J8/M8-1)*1000000 -> -2.3688 | O8: =N8+P$1 -> -4.76703
A9: 45062.002 | B9: ah11b2 | C9: 9.999974 | D9: 6.29e-08 | E9: -0.00025575 | F9: 7.62e-07 | G9: 1591.5 | H9: 15 | J9: =C9-C$3 -> 9.9999741 | K9: =E9-E$3 -> -0.00028435 | L9: =K9*0.000000001/(2*PI()*J9*G9*0.000000000001) -> -2.8435957e-06 | M9: 10 | N9: =(J9/M9-1)*1000000 -> -2.5879 | O9: =N9+P$1 -> -4.98613
A10: 45062.003 | B10: ah11c2 | C10: 99.999788 | D10: 9e-08 | E10: 0.000775 | F10: 8.94e-07 | G10: 1591.5 | H10: 15 | J10: =C10-C$3 -> 99.999788 | K10: =E10-E$3 -> 0.0007464 | L10: =K10*0.000000001/(2*PI()*J10*G10*0.000000000001) -> 7.4642476e-07 | M10: 100 | N10: =(J10/M10-1)*1000000 -> -2.11647 | O10: =N10+P$1 -> -4.5147
A11: 45062.004 | B11: ah11d2 | C11: 99.999871 | D11: 1.36e-07 | E11: 0.0008574 | F11: 9.17e-07 | G11: 1591.5 | H11: 15 | J11: =C11-C$3 -> 99.999871 | K11: =E11-E$3 -> 0.0008288 | L11: =K11*0.000000001/(2*PI()*J11*G11*0.000000000001) -> 8.2882681e-07 | M11: 100 | N11: =(J11/M11-1)*1000000 -> -1.28517 | O11: =N11+P$1 -> -3.6834
A12: 45062.017 | B12: gr10 | C12: 10.000199 | D12: 9.8e-08 | E12: 0.0009898 | F12: 1.12e-06 | G12: 1591.5 | H12: 15 | I12: GR inner 23.9060, 1017.88mbar | J12: =C12-C$3 -> 10.000199 | K12: =E12-E$3 -> 0.0009612 | L12: =K12*0.000000001/(2*PI()*J12*G12*0.000000000001) -> 9.612107e-06 | M12: 10 | N12: =(J12/M12-1)*1000000 -> 19.9243 | O12: =N12+P$1 -> 17.52607
A13: 45062.019 | B13: gr100 | C13: 100.00409 | D13: 0 | E13: 0.0090734 | F13: 3.55e-06 | G13: 1591.5 | H13: 15 | J13: =C13-C$3 -> 100.00409 | K13: =E13-E$3 -> 0.0090448 | L13: =K13*0.000000001/(2*PI()*J13*G13*0.000000000001) -> 9.0447106e-06 | M13: 100 | N13: =(J13/M13-1)*1000000 -> 40.94123 | O13: =N13+P$1 -> 38.543
A14: 45062.021 | B14: gr1000a | C14: 1000.0323 | D14: 4.9e-06 | E14: 0.207474 | F14: 2.73e-05 | G14: 1591.5 | H14: 1.5 | J14: =C14-C$3 -> 1000.0323 | K14: =E14-E$3 -> 0.2074454 | L14: =K14*0.000000001/(2*PI()*J14*G14*0.000000000001) -> 2.0744514e-05 | M14: 1000 | N14: =(J14/M14-1)*1000000 -> 32.326123 | O14: =N14+P$1 -> 29.927893
A15: 45062.023 | B15: gr1000b | C15: 1000.0164 | D15: 4.58e-06 | E15: 0.212345 | F15: 2.5e-05 | G15: 1591.5 | H15: 1.5 | J15: =C15-C$3 -> 1000.0164 | K15: =E15-E$3 -> 0.2123164 | L15: =K15*0.000000001/(2*PI()*J15*G15*0.000000000001) -> 2.1231951e-05 | M15: 1000 | N15: =(J15/M15-1)*1000000 -> 16.393123 | O15: =N15+P$1 -> 13.994893
A16: 45062.024 | B16: es13 | C16: 4.999954 | D16: 1.02e-07 | E16: 0.00026244 | F16: 7.8e-07 | G16: 1591.5 | H16: 15 | J16: =C16-C$3 -> 4.9999541 | K16: =E16-E$3 -> 0.00023384 | L16: =K16*0.000000001/(2*PI()*J16*G16*0.000000000001) -> 4.6769882e-06 | M16: 5 | N16: =(J16/M16-1)*1000000 -> -9.1836 | O16: =N16+P$1 -> -11.58183
A17: 45062.025 | B17: es16 | C17: 5.0001048 | D17: 5.79e-08 | E17: -9.35e-05 | F17: 2.79e-06 | G17: 1591.5 | H17: 15 | J17: =C17-C$3 -> 5.0001049 | K17: =E17-E$3 -> -0.0001221 | L17: =K17*0.000000001/(2*PI()*J17*G17*0.000000000001) -> -2.4420246e-06 | M17: 5 | N17: =(J17/M17-1)*1000000 -> 20.9808 | O17: =N17+P$1 -> 18.58257
A18: 45062.027 | B18: es14 | C18: 0.50005214 | D18: 9.78e-08 | E18: 7.85e-05 | F18: 1.03e-06 | G18: 1591.5 | H18: 15 | I18: S-ball 23.730 GMH*526 21.67 under UB cap, in oil 23.31 | J18: =C18-C$3 -> 0.50005226 | K18: =E18-E$3 -> 4.99e-05 | L18: =K18*0.000000001/(2*PI()*J18*G18*0.000000000001) -> 9.9792668e-06 | M18: 0.5 | N18: =(J18/M18-1)*1000000 -> 104.53 | O18: =N18+P$1 -> 102.13177
A19: 45062.03 | B19: ub1000 | C19: 1000.1609 | D19: 5e-06 | E19: 0.239957 | F19: 0.00049916 | G19: 1591.5 | H19: 1.5 | I19: Permuteable Temp 20.76(by GMH5I), setting of oil bath 21.000, 21.416C, FCU11 20.66 48.34%RH | J19: =C19-C$3 -> 1000.1609 | K19: =E19-E$3 -> 0.2399284 | L19: =K19*0.000000001/(2*PI()*J19*G19*0.000000000001) -> 2.3989726e-05 | M19: 1000 | N19: =(J19/M19-1)*1000000 -> 160.87512 | O19: =N19+P$1 -> 158.47689
A20: 45062.035 | B20: PC1 | C20: 10.000401 | D20: 6e-08 | E20: 0.00049247 | F20: 1.41e-06 | G20: 1591.5 | H20: 15 | J20: =C20-C$3 -> 10.000401 | K20: =E20-E$3 -> 0.00046387 | L20: =K20*0.000000001/(2*PI()*J20*G20*0.000000000001) -> 4.6386581e-06 | M20: 10 | N20: =(J20/M20-1)*1000000 -> 40.1003 | O20: =N20+P$1 -> 37.70207
A21: 45062.037 | B21: PC2 | C21: 10.00014 | D21: 1.94e-07 | E21: 0.00049706 | F21: 1.25e-06 | G21: 1591.5 | H21: 15 | J21: =C21-C$3 -> 10.00014 | K21: =E21-E$3 -> 0.00046846 | L21: =K21*0.000000001/(2*PI()*J21*G21*0.000000000001) -> 4.68468e-06 | M21: 10 | N21: =(J21/M21-1)*1000000 -> 13.9743 | O21: =N21+P$1 -> 11.57607
A22: 45062.038 | B22: PC3 | C22: 10.000117 | D22: 1.26e-07 | E22: 0.00048214 | F22: 1.61e-06 | G22: 1591.5 | H22: 15 | J22: =C22-C$3 -> 10.000117 | K22: =E22-E$3 -> 0.00045354 | L22: =K22*0.000000001/(2*PI()*J22*G22*0.000000000001) -> 4.5354879e-06 | M22: 10 | N22: =(J22/M22-1)*1000000 -> 11.6723 | O22: =N22+P$1 -> 9.27407
A23: 45062.039 | B23: PC4 | C23: 10.000211 | D23: 1.56e-07 | E23: 0.00051537 | F23: 1.34e-06 | G23: 1591.5 | H23: 15 | J23: =C23-C$3 -> 10.000211 | K23: =E23-E$3 -> 0.00048677 | L23: =K23*0.000000001/(2*PI()*J23*G23*0.000000000001) -> 4.8677486e-06 | M23: 10 | N23: =(J23/M23-1)*1000000 -> 21.0783 | O23: =N23+P$1 -> 18.68007
A24: 45062.04 | B24: PC5 | C24: 10.000007 | D24: 7.75e-08 | E24: 0.00048305 | F24: 1.38e-06 | G24: 1591.5 | H24: 15 | J24: =C24-C$3 -> 10.000007 | K24: =E24-E$3 -> 0.00045445 | L24: =K24*0.000000001/(2*PI()*J24*G24*0.000000000001) -> 4.5446379e-06 | M24: 10 | N24: =(J24/M24-1)*1000000 -> 0.7223 | O24: =N24+P$1 -> -1.67593
A25: 45062.041 | B25: PC6 | C25: 10.000216 | D25: 1.55e-07 | E25: 0.00051571 | F25: 1.21e-06 | G25: 1591.5 | H25: 15 | J25: =C25-C$3 -> 10.000216 | K25: =E25-E$3 -> 0.00048711 | L25: =K25*0.000000001/(2*PI()*J25*G25*0.000000000001) -> 4.871146e-06 | M25: 10 | N25: =(J25/M25-1)*1000000 -> 21.6223 | O25: =N25+P$1 -> 19.22407
A26: 45062.042 | B26: PC7 | C26: 10.000344 | D26: 1.43e-07 | E26: 0.00050116 | F26: 1.17e-06 | G26: 1591.5 | H26: 15 | J26: =C26-C$3 -> 10.000344 | K26: =E26-E$3 -> 0.00047256 | L26: =K26*0.000000001/(2*PI()*J26*G26*0.000000000001) -> 4.7255842e-06 | M26: 10 | N26: =(J26/M26-1)*1000000 -> 34.4063 | O26: =N26+P$1 -> 32.00807
A27: 45062.001 | B27: PC8 | C27: 10.000251 | D27: 1.85e-07 | E27: 0.00050194 | F27: 1.1e-06 | G27: 1591.5 | H27: 15 | J27: =C27-C$3 -> 10.000252 | K27: =E27-E$3 -> 0.00047334 | L27: =K27*0.000000001/(2*PI()*J27*G27*0.000000000001) -> 4.7334279e-06 | M27: 10 | N27: =(J27/M27-1)*1000000 -> 25.1583 | O27: =N27+P$1 -> 22.76007
A28: 45062.002 | B28: PC9 | C28: 10.000379 | D28: 1.37e-07 | E28: 0.00050879 | F28: 1.47e-06 | G28: 1591.5 | H28: 15 | J28: =C28-C$3 -> 10.000379 | K28: =E28-E$3 -> 0.00048019 | L28: =K28*0.000000001/(2*PI()*J28*G28*0.000000000001) -> 4.8018669e-06 | M28: 10 | N28: =(J28/M28-1)*1000000 -> 37.9433 | O28: =N28+P$1 -> 35.54507
A29: 45062.003 | B29: PC10 | C29: 10.000439 | D29: 1.18e-07 | E29: 0.00049845 | F29: 1.2e-06 | G29: 1591.5 | H29: 15 | J29: =C29-C$3 -> 10.000439 | K29: =E29-E$3 -> 0.00046985 | L29: =K29*0.000000001/(2*PI()*J29*G29*0.000000000001) -> 4.6984396e-06 | M29: 10 | N29: =(J29/M29-1)*1000000 -> 43.9123 | O29: =N29+P$1 -> 41.51407
A30: 45062.004 | B30: PC11 | C30: 10.000244 | D30: 6.63e-08 | E30: 0.00049226 | F30: 7.76e-07 | G30: 1591.5 | H30: 15 | J30: =C30-C$3 -> 10.000244 | K30: =E30-E$3 -> 0.00046366 | L30: =K30*0.000000001/(2*PI()*J30*G30*0.000000000001) -> 4.6366308e-06 | M30: 10 | N30: =(J30/M30-1)*1000000 -> 24.4183 | O30: =N30+P$1 -> 22.02007

Sheet AH2700A2023-5-17
A1: av_exp = 10, frequency = 1591.5, no. of samples = 10, settling samples = 2 | J1: zero_corrected | K1: from G:\Shared drives\MSL - Electricity - Ongoing\Farad\Cap_Scale_Sept_2021\compare 2019 2020.xlsx cell AA30 | M1: AH11C1 | N1: -4.2 | O1: correction | P1: =N1 - N6 -> -2.39772
A2: DateTime | B2: Capacitor | C2: Capacitance (pF) | D2: uCap (pF) | E2: Conductance (nS) | F2: uCond (nS) | G2: Frequency (Hz) | H2: Voltage (V) | J2: Capacitance (pF) | K2: Conductance (nS) | L2: tand | M2: nominal C | N2: error | O2: corrected ppm
A3: 45063.013 | B3: zero | C3: -1.82e-07 | D3: 9.14e-08 | E3: 2.88e-05 | F3: 5.22e-07 | G3: 1591.5 | H3: 15 | J3: =C3-C$3 -> 0 | K3: =D3-D$3 -> 0 | L3: - | N3: ppm
A4: 45063.014 | B4: ah11a1 | C4: 9.9999759 | D4: 5.73e-08 | E4: -0.00016594 | F4: 1e-06 | G4: 1591.5 | H4: 15 | I4: Zero WITH BNC/BPO connectors 13:52am 1018.01mbar, 48.32%RH 20.61C FCU011 | J4: =C4-C$3 -> 9.9999761 | K4: =E4-E$3 -> -0.00019474 | L4: =K4*0.000000001/(2*PI()*J4*G4*0.000000000001) -> -1.9474651e-06 | M4: 10 | N4: =(J4/M4-1)*1000000 -> -2.3884 | O4: =N4+P$1 -> -4.78612
A5: 45063.015 | B5: ah11b1 | C5: 9.9999785 | D5: 9.41e-08 | E5: -0.00014163 | F5: 1.01e-06 | G5: 1591.5 | H5: 15 | I5: AH11_1: 11.9, -11.7, 30.2, .035, -.017, -.012, .018 | J5: =C5-C$3 -> 9.9999786 | K5: =E5-E$3 -> -0.00017043 | L5: =K5*0.000000001/(2*PI()*J5*G5*0.000000000001) -> -1.7043566e-06 | M5: 10 | N5: =(J5/M5-1)*1000000 -> -2.136 | O5: =N5+P$1 -> -4.53372
A6: 45063.016 | B6: ah11c1 | C6: 99.99982 | D6: 8.31e-08 | E6: 0.0017576 | F6: 8e-07 | G6: 1591.5 | H6: 15 | J6: =C6-C$3 -> 99.99982 | K6: =E6-E$3 -> 0.0017288 | L6: =K6*0.000000001/(2*PI()*J6*G6*0.000000000001) -> 1.7288568e-06 | M6: 100 | N6: =(J6/M6-1)*1000000 -> -1.80228 | O6: =N6+P$1 -> -4.2
A7: 45063.017 | B7: ah11d1 | C7: 99.999822 | D7: 1e-07 | E7: 0.0021212 | F7: 1.17e-06 | G7: 1591.5 | H7: 15 | J7: =C7-C$3 -> 99.999822 | K7: =E7-E$3 -> 0.0020924 | L7: =K7*0.000000001/(2*PI()*J7*G7*0.000000000001) -> 2.0924687e-06 | M7: 100 | N7: =(J7/M7-1)*1000000 -> -1.77588 | O7: =N7+P$1 -> -4.1736
A8: 45063.018 | B8: ah11a2 | C8: 9.9999763 | D8: 6.23e-08 | E8: -0.00026504 | F8: 9.82e-07 | G8: 1591.5 | H8: 15 | I8: AH11_2: 11.8, -11.8, 29.8, -.046, -.058, -.014, .022 | J8: =C8-C$3 -> 9.9999765 | K8: =E8-E$3 -> -0.00029384 | L8: =K8*0.000000001/(2*PI()*J8*G8*0.000000000001) -> -2.9384982e-06 | M8: 10 | N8: =(J8/M8-1)*1000000 -> -2.3471 | O8: =N8+P$1 -> -4.74482
A9: 45063.019 | B9: ah11b2 | C9: 9.999974 | D9: 9.76e-08 | E9: -0.00022844 | F9: 5.46e-07 | G9: 1591.5 | H9: 15 | J9: =C9-C$3 -> 9.9999742 | K9: =E9-E$3 -> -0.00025724 | L9: =K9*0.000000001/(2*PI()*J9*G9*0.000000000001) -> -2.5724865e-06 | M9: 10 | N9: =(J9/M9-1)*1000000 -> -2.5815 | O9: =N9+P$1 -> -4.97922
A10: 45063.02 | B10: ah11c2 | C10: 99.999788 | D10: 1.02e-07 | E10: 0.0007965 | F10: 6.71e-07 | G10: 1591.5 | H10: 15 | J10: =C10-C$3 -> 99.999788 | K10: =E10-E$3 -> 0.0007677 | L10: =K10*0.000000001/(2*PI()*J10*G10*0.000000000001) -> 7.6772547e-07 | M10: 100 | N10: =(J10/M10-1)*1000000 -> -2.11568 | O10: =N10+P$1 -> -4.5134
A11: 45063.021 | B11: ah11d2 | C11: 99.99987 | D11: 1.22e-07 | E11: 0.0008795 | F11: 9.22e-07 | G11: 1591.5 | H11: 15 | J11: =C11-C$3 -> 99.999871 | K11: =E11-E$3 -> 0.0008507 | L11: =K11*0.000000001/(2*PI()*J11*G11*0.000000000001) -> 8.5072752e-07 | M11: 100 | N11: =(J11/M11-1)*1000000 -> -1.29428 | O11: =N11+P$1 -> -3.692
A12: 45063.023 | B12: gr10 | C12: 10.000198 | D12: 1.54e-07 | E12: 0.00087552 | F12: 2.11e-06 | G12: 1591.5 | H12: 15 | I12: GR inner 23.9060, 1014.28mbar | J12: =C12-C$3 -> 10.000198 | K12: =E12-E$3 -> 0.00084672 | L12: =K12*0.000000001/(2*PI()*J12*G12*0.000000000001) -> 8.467295e-06 | M12: 10 | N12: =(J12/M12-1)*1000000 -> 19.8362 | O12: =N12+P$1 -> 17.43848
A13: 45063.025 | B13: gr100 | C13: 100.00409 | D13: 4.9e-07 | E13: 0.009002 | F13: 1.9e-06 | G13: 1591.5 | H13: 15 | J13: =C13-C$3 -> 100.00409 | K13: =E13-E$3 -> 0.0089732 | L13: =K13*0.000000001/(2*PI()*J13*G13*0.000000000001) -> 8.9731113e-06 | M13: 100 | N13: =(J13/M13-1)*1000000 -> 40.94582 | O13: =N13+P$1 -> 38.5481
A14: 45063.027 | B14: gr1000a | C14: 1000.0323 | D14: 1.14e-13 | E14: 0.204129 | F14: 3.75e-05 | G14: 1591.5 | H14: 1.5 | J14: =C14-C$3 -> 1000.0323 | K14: =E14-E$3 -> 0.2041002 | L14: =K14*0.000000001/(2*PI()*J14*G14*0.000000000001) -> 2.0409994e-05 | M14: 1000 | N14: =(J14/M14-1)*1000000 -> 32.310182 | O14: =N14+P$1 -> 29.912462
A15: 45063.028 | B15: gr1000b | C15: 1000.0162 | D15: 1.89e-05 | E15: 0.209465 | F15: 3.91e-05 | G15: 1591.5 | H15: 1.5 | J15: =C15-C$3 -> 1000.0162 | K15: =E15-E$3 -> 0.2094362 | L15: =K15*0.000000001/(2*PI()*J15*G15*0.000000000001) -> 2.0943931e-05 | M15: 1000 | N15: =(J15/M15-1)*1000000 -> 16.208182 | O15: =N15+P$1 -> 13.810462
A16: 45063.03 | B16: es13 | C16: 4.9999538 | D16: 2.69e-07 | E16: -3.36e-05 | F16: 4.46e-05 | G16: 1591.5 | H16: 15 | J16: =C16-C$3 -> 4.999954 | K16: =E16-E$3 -> -6.24e-05 | L16: =K16*0.000000001/(2*PI()*J16*G16*0.000000000001) -> -1.2480503e-06 | M16: 5 | N16: =(J16/M16-1)*1000000 -> -9.2068 | O16: =N16+P$1 -> -11.60452
A17: 45063.031 | B17: es16 | C17: 5.0001057 | D17: 1.99e-07 | E17: -0.00019946 | F17: 1.43e-05 | G17: 1591.5 | H17: 15 | J17: =C17-C$3 -> 5.0001058 | K17: =E17-E$3 -> -0.00022826 | L17: =K17*0.000000001/(2*PI()*J17*G17*0.000000000001) -> -4.5652452e-06 | M17: 5 | N17: =(J17/M17-1)*1000000 -> 21.1674 | O17: =N17+P$1 -> 18.76968
A18: 45063.033 | B18: es14 | C18: 0.50005175 | D18: 1.29e-07 | E18: 7.56e-05 | F18: 1.44e-06 | G18: 1591.5 | H18: 15 | J18: =C18-C$3 -> 0.50005193 | K18: =E18-E$3 -> 4.68e-05 | L18: =K18*0.000000001/(2*PI()*J18*G18*0.000000000001) -> 9.3593186e-06 | M18: 0.5 | N18: =(J18/M18-1)*1000000 -> 103.866 | O18: =N18+P$1 -> 101.46828
A19: 45063.034 | B19: ub1000 | C19: 1000.1571 | D19: 4e-06 | E19: 0.518931 | F19: 0.016948182 | G19: 1591.5 | H19: 1.5 | I19: S-ball 23.734 GMH5I 21.65 under UB cap, in oil 23.31 | J19: =C19-C$3 -> 1000.1571 | K19: =E19-E$3 -> 0.5189022 | L19: =K19*0.000000001/(2*PI()*J19*G19*0.000000000001) -> 5.188368e-05 | M19: 1000 | N19: =(J19/M19-1)*1000000 -> 157.11818 | O19: =N19+P$1 -> 154.72046
A20: 45063.036 | B20: PC1 | C20: 10.000385 | D20: 1.51e-07 | E20: 0.00048599 | F20: 1.41e-06 | G20: 1591.5 | H20: 15 | I20: Permuteable Temp 22.75(by GMH5I), setting of oil bath 23.000, 23.5xxxC, FCU11 20.59 47.50%RH | J20: =C20-C$3 -> 10.000385 | K20: =E20-E$3 -> 0.00045719 | L20: =K20*0.000000001/(2*PI()*J20*G20*0.000000000001) -> 4.5718658e-06 | M20: 10 | N20: =(J20/M20-1)*1000000 -> 38.5472 | O20: =N20+P$1 -> 36.14948
A21: 45063.039 | B21: PC2 | C21: 10.000139 | D21: 1.7e-07 | E21: 0.00048747 | F21: 2.04e-06 | G21: 1591.5 | H21: 15 | J21: =C21-C$3 -> 10.000139 | K21: =E21-E$3 -> 0.00045867 | L21: =K21*0.000000001/(2*PI()*J21*G21*0.000000000001) -> 4.5867786e-06 | M21: 10 | N21: =(J21/M21-1)*1000000 -> 13.9292 | O21: =N21+P$1 -> 11.53148
A22: 45063.04 | B22: PC3 | C22: 10.000109 | D22: 1.34e-07 | E22: 0.000477 | F22: 1.82e-06 | G22: 1591.5 | H22: 15 | J22: =C22-C$3 -> 10.00011 | K22: =E22-E$3 -> 0.0004482 | L22: =K22*0.000000001/(2*PI()*J22*G22*0.000000000001) -> 4.4820901e-06 | M22: 10 | N22: =(J22/M22-1)*1000000 -> 10.9582 | O22: =N22+P$1 -> 8.56048
A23: 45063.041 | B23: PC4 | C23: 10.000216 | D23: 1.02e-07 | E23: 0.00050828 | F23: 8.89e-07 | G23: 1591.5 | H23: 15 | J23: =C23-C$3 -> 10.000216 | K23: =E23-E$3 -> 0.00047948 | L23: =K23*0.000000001/(2*PI()*J23*G23*0.000000000001) -> 4.7948451e-06 | M23: 10 | N23: =(J23/M23-1)*1000000 -> 21.6432 | O23: =N23+P$1 -> 19.24548
A24: 45063.001 | B24: PC5 | C24: 9.999968 | D24: 1.35e-07 | E24: 0.00047672 | F24: 9.5e-07 | G24: 1591.5 | H24: 15 | J24: =C24-C$3 -> 9.9999681 | K24: =E24-E$3 -> 0.00044792 | L24: =K24*0.000000001/(2*PI()*J24*G24*0.000000000001) -> 4.4793534e-06 | M24: 10 | N24: =(J24/M24-1)*1000000 -> -3.1865 | O24: =N24+P$1 -> -5.58422
A25: 45063.002 | B25: PC6 | C25: 10.000224 | D25: 1.42e-07 | E25: 0.00050912 | F25: 6.97e-07 | G25: 1591.5 | H25: 15 | I25: shorter delay before the reading of PC6--- | J25: =C25-C$3 -> 10.000225 | K25: =E25-E$3 -> 0.00048032 | L25: =K25*0.000000001/(2*PI()*J25*G25*0.000000000001) -> 4.8032413e-06 | M25: 10 | N25: =(J25/M25-1)*1000000 -> 22.4612 | O25: =N25+P$1 -> 20.06348
A26: 45063.004 | B26: PC7 | C26: 10.000323 | D26: 1.17e-07 | E26: 0.00050055 | F26: 1.52e-06 | G26: 1591.5 | H26: 15 | J26: =C26-C$3 -> 10.000324 | K26: =E26-E$3 -> 0.00047175 | L26: =K26*0.000000001/(2*PI()*J26*G26*0.000000000001) -> 4.7174939e-06 | M26: 10 | N26: =(J26/M26-1)*1000000 -> 32.3602 | O26: =N26+P$1 -> 29.96248
A27: 45063.005 | B27: PC8 | C27: 10.000242 | D27: 6.63e-08 | E27: 0.00049918 | F27: 8.93e-07 | G27: 1591.5 | H27: 15 | J27: =C27-C$3 -> 10.000242 | K27: =E27-E$3 -> 0.00047038 | L27: =K27*0.000000001/(2*PI()*J27*G27*0.000000000001) -> 4.7038324e-06 | M27: 10 | N27: =(J27/M27-1)*1000000 -> 24.1742 | O27: =N27+P$1 -> 21.77648
A28: 45063.006 | B28: PC9 | C28: 10.000371 | D28: 8.06e-08 | E28: 0.00050368 | F28: 1.25e-06 | G28: 1591.5 | H28: 15 | J28: =C28-C$3 -> 10.000371 | K28: =E28-E$3 -> 0.00047488 | L28: =K28*0.000000001/(2*PI()*J28*G28*0.000000000001) -> 4.7487712e-06 | M28: 10 | N28: =(J28/M28-1)*1000000 -> 37.1232 | O28: =N28+P$1 -> 34.72548
A29: 45063.007 | B29: PC10 | C29: 10.000401 | D29: 1.3e-07 | E29: 0.00049222 | F29: 1.74e-06 | G29: 1591.5 | H29: 15 | J29: =C29-C$3 -> 10.000401 | K29: =E29-E$3 -> 0.00046342 | L29: =K29*0.000000001/(2*PI()*J29*G29*0.000000000001) -> 4.634158e-06 | M29: 10 | N29: =(J29/M29-1)*1000000 -> 40.1192 | O29: =N29+P$1 -> 37.72148
A30: 45063.008 | B30: PC11 | C30: 10.000219 | D30: 1.27e-07 | E30: 0.00048941 | F30: 1.2e-06 | G30: 1591.5 | H30: 15 | J30: =C30-C$3 -> 10.000219 | K30: =E30-E$3 -> 0.00046061 | L30: =K30*0.000000001/(2*PI()*J30*G30*0.000000000001) -> 4.606142e-06 | M30: 10 | N30: =(J30/M30-1)*1000000 -> 21.9352 | O30: =N30+P$1 -> 19.53748

Sheet AH2700A2023-5-23
A1: av_exp = 10, frequency = 1591.5, no. of samples = 10, settling samples = 2 | J1: zero_corrected | K1: from G:\Shared drives\MSL - Electricity - Ongoing\Farad\Cap_Scale_Sept_2021\compare 2019 2020.xlsx cell AA30 | M1: AH11C1 | N1: -4.2 | O1: correction | P1: =N1 - N6 -> -2.3933
A2: DateTime | B2: Capacitor | C2: Capacitance (pF) | D2: uCap (pF) | E2: Conductance (nS) | F2: uCond (nS) | G2: Frequency (Hz) | H2: Voltage (V) | J2: Capacitance (pF) | K2: Conductance (nS) | L2: tand | M2: nominal C | N2: error | O2: corrected ppm
A3: 45069.005 | B3: zero | C3: -1.2e-07 | D3: 6.42e-08 | E3: 2.73e-05 | F3: 7.74e-07 | G3: 1591.5 | H3: 15 | I3: Zero WITH BNC/BPO connectors 14:05am 1003.2mbar, 50.07%RH 20.74C FCU011 | J3: =C3-C$3 -> 0 | K3: =D3-D$3 -> 0 | L3: - | N3: ppm
A4: 45069.006 | B4: ah11a1 | C4: 9.9999759 | D4: 9.02e-08 | E4: -0.00016975 | F4: 9.16e-07 | G4: 1591.5 | H4: 15 | I4: AH11_1: 11.9, -11.7, 30.4, .036, -.017, -.012, .018 | J4: =C4-C$3 -> 9.999976 | K4: =E4-E$3 -> -0.00019705 | L4: =K4*0.000000001/(2*PI()*J4*G4*0.000000000001) -> -1.9705659e-06 | M4: 10 | N4: =(J4/M4-1)*1000000 -> -2.4022 | O4: =N4+P$1 -> -4.7955
A5: 45069.008 | B5: ah11b1 | C5: 9.9999784 | D5: 1.13e-07 | E5: -0.00014344 | F5: 1.28e-06 | G5: 1591.5 | H5: 15 | J5: =C5-C$3 -> 9.9999785 | K5: =E5-E$3 -> -0.00017074 | L5: =K5*0.000000001/(2*PI()*J5*G5*0.000000000001) -> -1.7074567e-06 | M5: 10 | N5: =(J5/M5-1)*1000000 -> -2.1464 | O5: =N5+P$1 -> -4.5397
A6: 45069.009 | B6: ah11c1 | C6: 99.999819 | D6: 8.31e-08 | E6: 0.0017828 | F6: 1.17e-06 | G6: 1591.5 | H6: 15 | J6: =C6-C$3 -> 99.999819 | K6: =E6-E$3 -> 0.0017555 | L6: =K6*0.000000001/(2*PI()*J6*G6*0.000000000001) -> 1.7555577e-06 | M6: 100 | N6: =(J6/M6-1)*1000000 -> -1.8067 | O6: =N6+P$1 -> -4.2
A7: 45069.01 | B7: ah11d1 | C7: 99.999822 | D7: 1.26e-07 | E7: 0.0021478 | F7: 8.72e-07 | G7: 1591.5 | H7: 15 | J7: =C7-C$3 -> 99.999822 | K7: =E7-E$3 -> 0.0021205 | L7: =K7*0.000000001/(2*PI()*J7*G7*0.000000000001) -> 2.1205696e-06 | M7: 100 | N7: =(J7/M7-1)*1000000 -> -1.7768 | O7: =N7+P$1 -> -4.1701
A8: 45069.011 | B8: ah11a2 | C8: 9.9999764 | D8: 1.05e-07 | E8: -0.0002758 | F8: 9.43e-07 | G8: 1591.5 | H8: 15 | I8: AH11_2: 11.8, -11.9, 29.9, -.046, -.058, -.014, .022 | J8: =C8-C$3 -> 9.9999765 | K8: =E8-E$3 -> -0.0003031 | L8: =K8*0.000000001/(2*PI()*J8*G8*0.000000000001) -> -3.0311013e-06 | M8: 10 | N8: =(J8/M8-1)*1000000 -> -2.349 | O8: =N8+P$1 -> -4.7423
A9: 45069.012 | B9: ah11b2 | C9: 9.9999741 | D9: 1.03e-07 | E9: -0.00023507 | F9: 9.82e-07 | G9: 1591.5 | H9: 15 | J9: =C9-C$3 -> 9.9999742 | K9: =E9-E$3 -> -0.00026237 | L9: =K9*0.000000001/(2*PI()*J9*G9*0.000000000001) -> -2.6237883e-06 | M9: 10 | N9: =(J9/M9-1)*1000000 -> -2.5772 | O9: =N9+P$1 -> -4.9705
A10: 45069.013 | B10: ah11c2 | C10: 99.999788 | D10: 7e-08 | E10: 0.0008182 | F10: 1.25e-06 | G10: 1591.5 | H10: 15 | J10: =C10-C$3 -> 99.999788 | K10: =E10-E$3 -> 0.0007909 | L10: =K10*0.000000001/(2*PI()*J10*G10*0.000000000001) -> 7.9092624e-07 | M10: 100 | N10: =(J10/M10-1)*1000000 -> -2.1177 | O10: =N10+P$1 -> -4.511
A11: 45069.014 | B11: ah11d2 | C11: 99.99987 | D11: 4.58e-08 | E11: 0.0008985 | F11: 1.2e-06 | G11: 1591.5 | H11: 15 | J11: =C11-C$3 -> 99.999871 | K11: =E11-E$3 -> 0.0008712 | L11: =K11*0.000000001/(2*PI()*J11*G11*0.000000000001) -> 8.7122819e-07 | M11: 100 | N11: =(J11/M11-1)*1000000 -> -1.2941 | O11: =N11+P$1 -> -3.6874
A12: 45069.015 | B12: gr10 | C12: 10.000198 | D12: 1.14e-07 | E12: 0.00096768 | F12: 1.57e-06 | G12: 1591.5 | H12: 15 | I12: GR inner 23.9075, 1003.05mbar | J12: =C12-C$3 -> 10.000198 | K12: =E12-E$3 -> 0.00094038 | L12: =K12*0.000000001/(2*PI()*J12*G12*0.000000000001) -> 9.403906e-06 | M12: 10 | N12: =(J12/M12-1)*1000000 -> 19.783 | O12: =N12+P$1 -> 17.3897
A13: 45069.018 | B13: gr100 | C13: 100.0041 | D13: 0 | E13: 0.0088438 | F13: 1.3e-06 | G13: 1591.5 | H13: 15 | J13: =C13-C$3 -> 100.0041 | K13: =E13-E$3 -> 0.0088165 | L13: =K13*0.000000001/(2*PI()*J13*G13*0.000000000001) -> 8.8164125e-06 | M13: 100 | N13: =(J13/M13-1)*1000000 -> 40.9812 | O13: =N13+P$1 -> 38.5879
A14: 45069.02 | B14: gr1000a | C14: 1000.0323 | D14: 4e-06 | E14: 0.199993 | F14: 2.97e-05 | G14: 1591.5 | H14: 1.5 | J14: =C14-C$3 -> 1000.0323 | K14: =E14-E$3 -> 0.1999657 | L14: =K14*0.000000001/(2*PI()*J14*G14*0.000000000001) -> 1.9996545e-05 | M14: 1000 | N14: =(J14/M14-1)*1000000 -> 32.29212 | O14: =N14+P$1 -> 29.89882
A15: 45069 | B15: gr1000b | C15: 1000.0032 | D15: 7.58e-05 | E15: 0.214291 | F15: 0.000325682 | G15: 1591.5 | H15: 1.5 | J15: =C15-C$3 -> 1000.0032 | K15: =E15-E$3 -> 0.2142637 | L15: =K15*0.000000001/(2*PI()*J15*G15*0.000000000001) -> 2.1426966e-05 | M15: 1000 | N15: =(J15/M15-1)*1000000 -> 3.22512 | O15: =N15+P$1 -> 0.83182
A16: 45069.002 | B16: es13 | C16: 4.9999559 | D16: 8.43e-08 | E16: -0.00020387 | F16: 1.06e-06 | G16: 1591.5 | H16: 15 | J16: =C16-C$3 -> 4.999956 | K16: =E16-E$3 -> -0.00023117 | L16: =K16*0.000000001/(2*PI()*J16*G16*0.000000000001) -> -4.6235842e-06 | M16: 5 | N16: =(J16/M16-1)*1000000 -> -8.79 | O16: =N16+P$1 -> -11.1833
A17: 45069.003 | B17: es16 | C17: 5.0001049 | D17: 8.45e-08 | E17: -0.00013881 | F17: 1.89e-06 | G17: 1591.5 | H17: 15 | J17: =C17-C$3 -> 5.000105 | K17: =E17-E$3 -> -0.00016611 | L17: =K17*0.000000001/(2*PI()*J17*G17*0.000000000001) -> -3.3222334e-06 | M17: 5 | N17: =(J17/M17-1)*1000000 -> 21.006 | O17: =N17+P$1 -> 18.6127
A18: 45069.004 | B18: es14 | C18: 0.50005193 | D18: 7.61e-08 | E18: 7.99e-05 | F18: 1.4e-06 | G18: 1591.5 | H18: 15 | J18: =C18-C$3 -> 0.50005205 | K18: =E18-E$3 -> 5.26e-05 | L18: =K18*0.000000001/(2*PI()*J18*G18*0.000000000001) -> 1.0519232e-05 | M18: 0.5 | N18: =(J18/M18-1)*1000000 -> 104.092 | O18: =N18+P$1 -> 101.6987
A19: 45069.006 | B19: ub1000 | C19: 1000.1502 | D19: 1.37e-05 | E19: 0.45873 | F19: 0.016342463 | G19: 1591.5 | H19: 1.5 | I19: S-ball 23.730 GMH5I 21.50 under UB cap, in oil 23.30 | J19: =C19-C$3 -> 1000.1502 | K19: =E19-E$3 -> 0.4587027 | L19: =K19*0.000000001/(2*PI()*J19*G19*0.000000000001) -> 4.5864805e-05 | M19: 1000 | N19: =(J19/M19-1)*1000000 -> 150.20912 | O19: =N19+P$1 -> 147.81582
A20: 45069.008 | B20: PC1 | C20: 10.000407 | D20: 1.56e-07 | E20: -0.00080347 | F20: 1.16e-06 | G20: 1591.5 | H20: 15 | J20: =C20-C$3 -> 10.000407 | K20: =E20-E$3 -> -0.00083077 | L20: =K20*0.000000001/(2*PI()*J20*G20*0.000000000001) -> -8.3076196e-06 | M20: 10 | N20: =(J20/M20-1)*1000000 -> 40.736 | O20: =N20+P$1 -> 38.3427
A21: 45069.009 | B21: PC2 | C21: 10.000161 | D21: 1.22e-07 | E21: -0.00081384 | F21: 1.42e-06 | G21: 1591.5 | H21: 15 | J21: =C21-C$3 -> 10.000161 | K21: =E21-E$3 -> -0.00084114 | L21: =K21*0.000000001/(2*PI()*J21*G21*0.000000000001) -> -8.4115256e-06 | M21: 10 | N21: =(J21/M21-1)*1000000 -> 16.131 | O21: =N21+P$1 -> 13.7377
A22: 45069.01 | B22: PC3 | C22: 10.000131 | D22: 1.37e-07 | E22: -0.0008139 | F22: 1.44e-06 | G22: 1591.5 | H22: 15 | J22: =C22-C$3 -> 10.000131 | K22: =E22-E$3 -> -0.0008412 | L22: =K22*0.000000001/(2*PI()*J22*G22*0.000000000001) -> -8.4121509e-06 | M22: 10 | N22: =(J22/M22-1)*1000000 -> 13.123 | O22: =N22+P$1 -> 10.7297
A23: 45069.011 | B23: PC4 | C23: 10.000238 | D23: 1.4e-07 | E23: -0.00078031 | F23: 1.33e-06 | G23: 1591.5 | H23: 15 | J23: =C23-C$3 -> 10.000239 | K23: =E23-E$3 -> -0.00080761 | L23: =K23*0.000000001/(2*PI()*J23*G23*0.000000000001) -> -8.0761582e-06 | M23: 10 | N23: =(J23/M23-1)*1000000 -> 23.854 | O23: =N23+P$1 -> 21.4607
A24: 45069.012 | B24: PC5 | C24: 9.99999 | D24: 1.6e-07 | E24: -0.00081207 | F24: 1.55e-06 | G24: 1591.5 | H24: 15 | J24: =C24-C$3 -> 9.9999901 | K24: =E24-E$3 -> -0.00083937 | L24: =K24*0.000000001/(2*PI()*J24*G24*0.000000000001) -> -8.393969e-06 | M24: 10 | N24: =(J24/M24-1)*1000000 -> -0.9867 | O24: =N24+P$1 -> -3.38
A25: 45069.012 | B25: PC6 | C25: 10.000246 | D25: 1.35e-07 | E25: -0.00076948 | F25: 1.34e-06 | G25: 1591.5 | H25: 15 | J25: =C25-C$3 -> 10.000247 | K25: =E25-E$3 -> -0.00079678 | L25: =K25*0.000000001/(2*PI()*J25*G25*0.000000000001) -> -7.967851e-06 | M25: 10 | N25: =(J25/M25-1)*1000000 -> 24.659 | O25: =N25+P$1 -> 22.2657
A26: 45069.013 | B26: PC7 | C26: 10.000345 | D26: 1.36e-07 | E26: -0.00077625 | F26: 3.49e-06 | G26: 1591.5 | H26: 15 | J26: =C26-C$3 -> 10.000345 | K26: =E26-E$3 -> -0.00080355 | L26: =K26*0.000000001/(2*PI()*J26*G26*0.000000000001) -> -8.035472e-06 | M26: 10 | N26: =(J26/M26-1)*1000000 -> 34.548 | O26: =N26+P$1 -> 32.1547
A27: 45069.014 | B27: PC8 | C27: 10.000263 | D27: 1.43e-07 | E27: -0.00077556 | F27: 2.67e-06 | G27: 1591.5 | H27: 15 | J27: =C27-C$3 -> 10.000263 | K27: =E27-E$3 -> -0.00080286 | L27: =K27*0.000000001/(2*PI()*J27*G27*0.000000000001) -> -8.028638e-06 | M27: 10 | N27: =(J27/M27-1)*1000000 -> 26.327 | O27: =N27+P$1 -> 23.9337
A28: 45069.015 | B28: PC9 | C28: 10.000393 | D28: 1.17e-07 | E28: -0.00078982 | F28: 1.9e-06 | G28: 1591.5 | H28: 15 | J28: =C28-C$3 -> 10.000393 | K28: =E28-E$3 -> -0.00081712 | L28: =K28*0.000000001/(2*PI()*J28*G28*0.000000000001) -> -8.1711325e-06 | M28: 10 | N28: =(J28/M28-1)*1000000 -> 39.32 | O28: =N28+P$1 -> 36.9267
A29: 45069.015 | B29: PC10 | C29: 10.000423 | D29: 1.04e-07 | E29: -0.00079261 | F29: 1.79e-06 | G29: 1591.5 | H29: 15 | I29: shorter delay before the reading of PC10--- | J29: =C29-C$3 -> 10.000423 | K29: =E29-E$3 -> -0.00081991 | L29: =K29*0.000000001/(2*PI()*J29*G29*0.000000000001) -> -8.1990076e-06 | M29: 10 | N29: =(J29/M29-1)*1000000 -> 42.331 | O29: =N29+P$1 -> 39.9377
A30: 45069.017 | B30: PC11 | C30: 10.000241 | D30: 1.68e-07 | E30: -0.0007922 | F30: 1.88e-06 | G30: 1591.5 | H30: 15 | I30: switch AH2700A back to standby, PC back to "1" | J30: =C30-C$3 -> 10.000241 | K30: =E30-E$3 -> -0.0008195 | L30: =K30*0.000000001/(2*PI()*J30*G30*0.000000000001) -> -8.1950567e-06 | M30: 10 | N30: =(J30/M30-1)*1000000 -> 24.135 | O30: =N30+P$1 -> 21.7417

Sheet AH2700A2023-9-29
A1: av_exp = 10, frequency = 1591.5, no. of samples = 10, settling samples = 2 | J1: zero_corrected | K1: from G:\Shared drives\MSL - Electricity - Ongoing\Farad\Cap_Scale_Sept_2021\compare 2019 2020.xlsx cell AA30 | M1: AH11C1 | N1: -4.2 | O1: correction | P1: =N1 - N6 -> -2.37917
A2: DateTime | B2: Capacitor | C2: Capacitance (pF) | D2: uCap (pF) | E2: Conductance (nS) | F2: uCond (nS) | G2: Frequency (Hz) | H2: Voltage (V) | J2: Capacitance (pF) | K2: Conductance (nS) | L2: tand | M2: nominal C | N2: error | O2: corrected ppm
A3: 45198.009 | B3: zero | C3: -2.67e-07 | D3: 7.55e-08 | E3: 2.85e-05 | F3: 5.15e-07 | G3: 1591.5 | H3: 15 | I3: Zero WITH BNC/BPO connectors 09:15am 1000.94mbar, 44.80%RH 20.33C FCU011 | J3: =C3-C$3 -> 0 | K3: =D3-D$3 -> 0 | L3: - | N3: ppm
A4: 45198.014 | B4: ah11a1 | C4: 9.9999762 | D4: 8.89e-08 | E4: -0.00018288 | F4: 1.01e-06 | G4: 1591.5 | H4: 15 | I4: AH11_1: 11.9, -11.7, 29.9, .036, -.018, -.013, .019 | J4: =C4-C$3 -> 9.9999765 | K4: =E4-E$3 -> -0.00021138 | L4: =K4*0.000000001/(2*PI()*J4*G4*0.000000000001) -> -2.1138706e-06 | M4: 10 | N4: =(J4/M4-1)*1000000 -> -2.3506 | O4: =N4+P$1 -> -4.72977
A5: 45198.016 | B5: ah11b1 | C5: 9.9999786 | D5: 1.55e-07 | E5: -0.00016616 | F5: 9.67e-07 | G5: 1591.5 | H5: 15 | J5: =C5-C$3 -> 9.9999789 | K5: =E5-E$3 -> -0.00019466 | L5: =K5*0.000000001/(2*PI()*J5*G5*0.000000000001) -> -1.9466646e-06 | M5: 10 | N5: =(J5/M5-1)*1000000 -> -2.1102 | O5: =N5+P$1 -> -4.48937
